keyboard.json,vial.json
D:\GitHub2\vial-qmk\keyboards\alpha\keyboard.json,D:\GitHub2\vial-qmk\keyboards\alpha\keymaps\vial\vial.json
D:\GitHub2\vial-qmk\keyboards\alps64\keyboard.json,D:\GitHub2\vial-qmk\keyboards\alps64\keymaps\vial\vial.json
D:\GitHub2\vial-qmk\keyboards\arisu\keyboard.json,D:\GitHub2\vial-qmk\keyboards\arisu\keymaps\vial\vial.json
D:\GitHub2\vial-qmk\keyboards\a_dux\keyboard.json,D:\GitHub2\vial-qmk\keyboards\a_dux\keymaps\vial\vial.json
D:\GitHub2\vial-qmk\keyboards\boston\keyboard.json,D:\GitHub2\vial-qmk\keyboards\boston\keymaps\vial\vial.json
D:\GitHub2\vial-qmk\keyboards\cantor\keyboard.json,D:\GitHub2\vial-qmk\keyboards\cantor\keymaps\vial\vial.json
D:\GitHub2\vial-qmk\keyboards\contra\keyboard.json,D:\GitHub2\vial-qmk\keyboards\contra\keymaps\vial\vial.json
D:\GitHub2\vial-qmk\keyboards\cradio\keyboard.json,D:\GitHub2\vial-qmk\keyboards\cradio\keymaps\vial\vial.json
D:\GitHub2\vial-qmk\keyboards\cradio36\keyboard.json,D:\GitHub2\vial-qmk\keyboards\cradio36\keymaps\vial\vial.json
D:\GitHub2\vial-qmk\keyboards\crbn\keyboard.json,D:\GitHub2\vial-qmk\keyboards\crbn\keymaps\vial\vial.json
D:\GitHub2\vial-qmk\keyboards\cuttlefish\keyboard.json,D:\GitHub2\vial-qmk\keyboards\cuttlefish\keymaps\vial\vial.json
D:\GitHub2\vial-qmk\keyboards\cx60\keyboard.json,D:\GitHub2\vial-qmk\keyboards\cx60\keymaps\vial\vial.json
D:\GitHub2\vial-qmk\keyboards\dosidicusgigas\keyboard.json,D:\GitHub2\vial-qmk\keyboards\dosidicusgigas\keymaps\vial\vial.json
D:\GitHub2\vial-qmk\keyboards\dz60\keyboard.json,D:\GitHub2\vial-qmk\keyboards\dz60\keymaps\vial\vial.json
D:\GitHub2\vial-qmk\keyboards\fc660c\keyboard.json,D:\GitHub2\vial-qmk\keyboards\fc660c\keymaps\vial\vial.json
D:\GitHub2\vial-qmk\keyboards\fc980c\keyboard.json,D:\GitHub2\vial-qmk\keyboards\fc980c\keymaps\vial\vial.json
D:\GitHub2\vial-qmk\keyboards\for_science\keyboard.json,D:\GitHub2\vial-qmk\keyboards\for_science\keymaps\vial\vial.json
D:\GitHub2\vial-qmk\keyboards\gh80_3000\keyboard.json,D:\GitHub2\vial-qmk\keyboards\gh80_3000\keymaps\vial\vial.json
D:\GitHub2\vial-qmk\keyboards\han60\keyboard.json,D:\GitHub2\vial-qmk\keyboards\han60\keymaps\vial\vial.json
D:\GitHub2\vial-qmk\keyboards\horizon\keyboard.json,D:\GitHub2\vial-qmk\keyboards\horizon\keymaps\vial\vial.json
D:\GitHub2\vial-qmk\keyboards\hubble\keyboard.json,D:\GitHub2\vial-qmk\keyboards\hubble\keymaps\vial\vial.json
D:\GitHub2\vial-qmk\keyboards\j80\keyboard.json,D:\GitHub2\vial-qmk\keyboards\j80\keymaps\vial\vial.json
D:\GitHub2\vial-qmk\keyboards\jd45\keyboard.json,D:\GitHub2\vial-qmk\keyboards\jd45\keymaps\vial\vial.json
D:\GitHub2\vial-qmk\keyboards\kaz\keyboard.json,D:\GitHub2\vial-qmk\keyboards\kaz\keymaps\vial\vial.json
D:\GitHub2\vial-qmk\keyboards\laika\keyboard.json,D:\GitHub2\vial-qmk\keyboards\laika\keymaps\vial\vial.json
D:\GitHub2\vial-qmk\keyboards\m10a\keyboard.json,D:\GitHub2\vial-qmk\keyboards\m10a\keymaps\vial\vial.json
D:\GitHub2\vial-qmk\keyboards\mbtkl\keyboard.json,D:\GitHub2\vial-qmk\keyboards\mbtkl\keymaps\vial\vial.json
D:\GitHub2\vial-qmk\keyboards\minimacro5\keyboard.json,D:\GitHub2\vial-qmk\keyboards\minimacro5\keymaps\vial\vial.json
D:\GitHub2\vial-qmk\keyboards\nack\keyboard.json,D:\GitHub2\vial-qmk\keyboards\nack\keymaps\vial\vial.json
D:\GitHub2\vial-qmk\keyboards\nasu\keyboard.json,D:\GitHub2\vial-qmk\keyboards\nasu\keymaps\vial\vial.json
D:\GitHub2\vial-qmk\keyboards\phantom\keyboard.json,D:\GitHub2\vial-qmk\keyboards\phantom\keymaps\vial\vial.json
D:\GitHub2\vial-qmk\keyboards\piantoruv44\keyboard.json,D:\GitHub2\vial-qmk\keyboards\piantoruv44\keymaps\vial\vial.json
D:\GitHub2\vial-qmk\keyboards\pierce\keyboard.json,D:\GitHub2\vial-qmk\keyboards\pierce\keymaps\vial\vial.json
D:\GitHub2\vial-qmk\keyboards\pteron36\keyboard.json,D:\GitHub2\vial-qmk\keyboards\pteron36\keymaps\vial\vial.json
D:\GitHub2\vial-qmk\keyboards\rorian04_kbd\keyboard.json,D:\GitHub2\vial-qmk\keyboards\rorian04_kbd\keymaps\vial\vial.json
D:\GitHub2\vial-qmk\keyboards\silakka54\keyboard.json,D:\GitHub2\vial-qmk\keyboards\silakka54\keymaps\vial\vial.json
D:\GitHub2\vial-qmk\keyboards\smallcat\keyboard.json,D:\GitHub2\vial-qmk\keyboards\smallcat\keymaps\vial\vial.json
D:\GitHub2\vial-qmk\keyboards\sofle_choc\keyboard.json,D:\GitHub2\vial-qmk\keyboards\sofle_choc\keymaps\vial\vial.json
D:\GitHub2\vial-qmk\keyboards\sofle_pico\keyboard.json,D:\GitHub2\vial-qmk\keyboards\sofle_pico\keymaps\vial\vial.json
D:\GitHub2\vial-qmk\keyboards\swiss\keyboard.json,D:\GitHub2\vial-qmk\keyboards\swiss\keymaps\vial\vial.json
D:\GitHub2\vial-qmk\keyboards\waterfowl\keyboard.json,D:\GitHub2\vial-qmk\keyboards\waterfowl\keymaps\vial\vial.json
D:\GitHub2\vial-qmk\keyboards\zsa\moonlander\keyboard.json,D:\GitHub2\vial-qmk\keyboards\zsa\moonlander\keymaps\vial\vial.json
D:\GitHub2\vial-qmk\keyboards\zsa\voyager\keyboard.json,D:\GitHub2\vial-qmk\keyboards\zsa\voyager\keymaps\vial\vial.json
D:\GitHub2\vial-qmk\keyboards\ymdk\sp64\keyboard.json,D:\GitHub2\vial-qmk\keyboards\ymdk\sp64\keymaps\vial\vial.json
D:\GitHub2\vial-qmk\keyboards\ymdk\ymd09\keyboard.json,D:\GitHub2\vial-qmk\keyboards\ymdk\ymd09\keymaps\vial\vial.json
D:\GitHub2\vial-qmk\keyboards\ymdk\ymd67\keyboard.json,D:\GitHub2\vial-qmk\keyboards\ymdk\ymd67\keymaps\vial\vial.json
D:\GitHub2\vial-qmk\keyboards\ymdk\ymd75\rev4\iso\keyboard.json,D:\GitHub2\vial-qmk\keyboards\ymdk\ymd75\rev4\iso\keymaps\vial\vial.json
D:\GitHub2\vial-qmk\keyboards\ymdk\ymd21\v2\keyboard.json,D:\GitHub2\vial-qmk\keyboards\ymdk\ymd21\v2\keymaps\vial\vial.json
D:\GitHub2\vial-qmk\keyboards\xiudi\xd75\keyboard.json,D:\GitHub2\vial-qmk\keyboards\xiudi\xd75\keymaps\vial\vial.json
D:\GitHub2\vial-qmk\keyboards\xelus\ninjin\keyboard.json,D:\GitHub2\vial-qmk\keyboards\xelus\ninjin\keymaps\vial\vial.json
D:\GitHub2\vial-qmk\keyboards\xelus\valor\rev1\keyboard.json,D:\GitHub2\vial-qmk\keyboards\xelus\valor\rev1\keymaps\vial\vial.json
D:\GitHub2\vial-qmk\keyboards\xelus\valor\rev2\keyboard.json,D:\GitHub2\vial-qmk\keyboards\xelus\valor\rev2\keymaps\vial\vial.json
D:\GitHub2\vial-qmk\keyboards\xbows\knight\keyboard.json,D:\GitHub2\vial-qmk\keyboards\xbows\knight\keymaps\vial\vial.json
D:\GitHub2\vial-qmk\keyboards\xbows\knight_plus\keyboard.json,D:\GitHub2\vial-qmk\keyboards\xbows\knight_plus\keymaps\vial\vial.json
D:\GitHub2\vial-qmk\keyboards\xbows\nature\keyboard.json,D:\GitHub2\vial-qmk\keyboards\xbows\nature\keymaps\vial\vial.json
D:\GitHub2\vial-qmk\keyboards\xbows\numpad\keyboard.json,D:\GitHub2\vial-qmk\keyboards\xbows\numpad\keymaps\vial\vial.json
D:\GitHub2\vial-qmk\keyboards\wuque\tata80\wk\keyboard.json,D:\GitHub2\vial-qmk\keyboards\wuque\tata80\wk\keymaps\vial\vial.json
D:\GitHub2\vial-qmk\keyboards\wiredin\protagonist\pro_h\keyboard.json,D:\GitHub2\vial-qmk\keyboards\wiredin\protagonist\pro_h\keymaps\vial\vial.json
D:\GitHub2\vial-qmk\keyboards\wiredin\protagonist\pro_s\keyboard.json,D:\GitHub2\vial-qmk\keyboards\wiredin\protagonist\pro_s\keymaps\vial\vial.json
D:\GitHub2\vial-qmk\keyboards\winry\winry315\keyboard.json,D:\GitHub2\vial-qmk\keyboards\winry\winry315\keymaps\vial\vial.json
D:\GitHub2\vial-qmk\keyboards\wilba_tech\rama_works_u80_a\keyboard.json,D:\GitHub2\vial-qmk\keyboards\wilba_tech\rama_works_u80_a\keymaps\vial\vial.json
D:\GitHub2\vial-qmk\keyboards\wilba_tech\wt60_h1\keyboard.json,D:\GitHub2\vial-qmk\keyboards\wilba_tech\wt60_h1\keymaps\vial\vial.json
D:\GitHub2\vial-qmk\keyboards\wilba_tech\wt65_h2\keyboard.json,D:\GitHub2\vial-qmk\keyboards\wilba_tech\wt65_h2\keymaps\vial\vial.json
D:\GitHub2\vial-qmk\keyboards\wilba_tech\wt65_xtx\keyboard.json,D:\GitHub2\vial-qmk\keyboards\wilba_tech\wt65_xtx\keymaps\vial\vial.json
D:\GitHub2\vial-qmk\keyboards\westfoxtrot\prophet\keyboard.json,D:\GitHub2\vial-qmk\keyboards\westfoxtrot\prophet\keymaps\vial\vial.json
D:\GitHub2\vial-qmk\keyboards\werk_technica\one\keyboard.json,D:\GitHub2\vial-qmk\keyboards\werk_technica\one\keymaps\vial\vial.json
D:\GitHub2\vial-qmk\keyboards\wavtype\foundation\keyboard.json,D:\GitHub2\vial-qmk\keyboards\wavtype\foundation\keymaps\vial\vial.json
D:\GitHub2\vial-qmk\keyboards\wavtype\p01_ultra\keyboard.json,D:\GitHub2\vial-qmk\keyboards\wavtype\p01_ultra\keymaps\vial\vial.json
D:\GitHub2\vial-qmk\keyboards\waveshare\rp2040_keyboard_3\keyboard.json,D:\GitHub2\vial-qmk\keyboards\waveshare\rp2040_keyboard_3\keymaps\vial\vial.json
D:\GitHub2\vial-qmk\keyboards\walletburner\cajal\keyboard.json,D:\GitHub2\vial-qmk\keyboards\walletburner\cajal\keymaps\vial\vial.json
D:\GitHub2\vial-qmk\keyboards\viktus\minne\keyboard.json,D:\GitHub2\vial-qmk\keyboards\viktus\minne\keymaps\vial\vial.json
D:\GitHub2\vial-qmk\keyboards\viktus\minne_topre\keyboard.json,D:\GitHub2\vial-qmk\keyboards\viktus\minne_topre\keymaps\vial\vial.json
D:\GitHub2\vial-qmk\keyboards\viktus\sp_mini\keyboard.json,D:\GitHub2\vial-qmk\keyboards\viktus\sp_mini\keymaps\vial\vial.json
D:\GitHub2\vial-qmk\keyboards\vertex\angler2\keyboard.json,D:\GitHub2\vial-qmk\keyboards\vertex\angler2\keymaps\vial\vial.json
D:\GitHub2\vial-qmk\keyboards\vertex\arc60\keyboard.json,D:\GitHub2\vial-qmk\keyboards\vertex\arc60\keymaps\vial\vial.json
D:\GitHub2\vial-qmk\keyboards\vertex\arc60h\keyboard.json,D:\GitHub2\vial-qmk\keyboards\vertex\arc60h\keymaps\vial\vial.json
D:\GitHub2\vial-qmk\keyboards\tweetydabird\lbs4\keyboard.json,D:\GitHub2\vial-qmk\keyboards\tweetydabird\lbs4\keymaps\vial\vial.json
D:\GitHub2\vial-qmk\keyboards\tweetydabird\lbs6\keyboard.json,D:\GitHub2\vial-qmk\keyboards\tweetydabird\lbs6\keymaps\vial\vial.json
D:\GitHub2\vial-qmk\keyboards\tominabox1\adalyn\keyboard.json,D:\GitHub2\vial-qmk\keyboards\tominabox1\adalyn\keymaps\vial\vial.json
D:\GitHub2\vial-qmk\keyboards\tkc\m0lly\keyboard.json,D:\GitHub2\vial-qmk\keyboards\tkc\m0lly\keymaps\vial\vial.json
D:\GitHub2\vial-qmk\keyboards\tkc\tkc1800\keyboard.json,D:\GitHub2\vial-qmk\keyboards\tkc\tkc1800\keymaps\vial\vial.json
D:\GitHub2\vial-qmk\keyboards\thevankeyboards\minivan\keyboard.json,D:\GitHub2\vial-qmk\keyboards\thevankeyboards\minivan\keymaps\vial\vial.json
D:\GitHub2\vial-qmk\keyboards\thepanduuh\degenpad\keyboard.json,D:\GitHub2\vial-qmk\keyboards\thepanduuh\degenpad\keymaps\vial\vial.json
D:\GitHub2\vial-qmk\keyboards\tgr\alice\keyboard.json,D:\GitHub2\vial-qmk\keyboards\tgr\alice\keymaps\vial\vial.json
D:\GitHub2\vial-qmk\keyboards\s_ol\0xc_pad\keyboard.json,D:\GitHub2\vial-qmk\keyboards\s_ol\0xc_pad\keymaps\vial\vial.json
D:\GitHub2\vial-qmk\keyboards\switchplate\southpaw_fullsize\keyboard.json,D:\GitHub2\vial-qmk\keyboards\switchplate\southpaw_fullsize\keymaps\vial\vial.json
D:\GitHub2\vial-qmk\keyboards\swagkeys\eave\keyboard.json,D:\GitHub2\vial-qmk\keyboards\swagkeys\eave\keymaps\vial\vial.json
D:\GitHub2\vial-qmk\keyboards\studiokestra\nue\keyboard.json,D:\GitHub2\vial-qmk\keyboards\studiokestra\nue\keymaps\vial\vial.json
D:\GitHub2\vial-qmk\keyboards\studiokestra\galatea\rev1\keyboard.json,D:\GitHub2\vial-qmk\keyboards\studiokestra\galatea\rev1\keymaps\vial\vial.json
D:\GitHub2\vial-qmk\keyboards\studiokestra\galatea\rev2\keyboard.json,D:\GitHub2\vial-qmk\keyboards\studiokestra\galatea\rev2\keymaps\vial\vial.json
D:\GitHub2\vial-qmk\keyboards\splitkb\kyria\rev3\keyboard.json,D:\GitHub2\vial-qmk\keyboards\splitkb\kyria\rev3\keymaps\vial\vial.json
D:\GitHub2\vial-qmk\keyboards\splitkb\aurora\lily58\rev1\keyboard.json,D:\GitHub2\vial-qmk\keyboards\splitkb\aurora\lily58\rev1\keymaps\vial\vial.json
D:\GitHub2\vial-qmk\keyboards\spiderisland\split78\keyboard.json,D:\GitHub2\vial-qmk\keyboards\spiderisland\split78\keymaps\vial\vial.json
D:\GitHub2\vial-qmk\keyboards\spaceman\2_milk\keyboard.json,D:\GitHub2\vial-qmk\keyboards\spaceman\2_milk\keymaps\vial\vial.json
D:\GitHub2\vial-qmk\keyboards\spaceman\pancake\rev2\keyboard.json,D:\GitHub2\vial-qmk\keyboards\spaceman\pancake\rev2\keymaps\vial\vial.json
D:\GitHub2\vial-qmk\keyboards\sofle\rev1\keyboard.json,D:\GitHub2\vial-qmk\keyboards\sofle\rev1\keymaps\vial\vial.json
D:\GitHub2\vial-qmk\keyboards\sneakbox\aliceclonergb\keyboard.json,D:\GitHub2\vial-qmk\keyboards\sneakbox\aliceclonergb\keymaps\vial\vial.json
D:\GitHub2\vial-qmk\keyboards\smithrune\magnus\m75h\keyboard.json,D:\GitHub2\vial-qmk\keyboards\smithrune\magnus\m75h\keymaps\vial\vial.json
D:\GitHub2\vial-qmk\keyboards\smithrune\magnus\m75s\keyboard.json,D:\GitHub2\vial-qmk\keyboards\smithrune\magnus\m75s\keymaps\vial\vial.json
D:\GitHub2\vial-qmk\keyboards\sharkoon\skiller_sgk50_s2\keyboard.json,D:\GitHub2\vial-qmk\keyboards\sharkoon\skiller_sgk50_s2\keymaps\vial\vial.json
D:\GitHub2\vial-qmk\keyboards\sergiopoverony\creator_pro\keyboard.json,D:\GitHub2\vial-qmk\keyboards\sergiopoverony\creator_pro\keymaps\vial\vial.json
D:\GitHub2\vial-qmk\keyboards\sawnsprojects\bunnygirl65\keyboard.json,D:\GitHub2\vial-qmk\keyboards\sawnsprojects\bunnygirl65\keymaps\vial\vial.json
D:\GitHub2\vial-qmk\keyboards\sawnsprojects\re65\keyboard.json,D:\GitHub2\vial-qmk\keyboards\sawnsprojects\re65\keymaps\vial\vial.json
D:\GitHub2\vial-qmk\keyboards\salicylic_acid3\ergoarrows\keyboard.json,D:\GitHub2\vial-qmk\keyboards\salicylic_acid3\ergoarrows\keymaps\vial\vial.json
D:\GitHub2\vial-qmk\keyboards\salane\ncr80alpsskfl\keyboard.json,D:\GitHub2\vial-qmk\keyboards\salane\ncr80alpsskfl\keymaps\vial\vial.json
D:\GitHub2\vial-qmk\keyboards\rossw42\abacus\keyboard.json,D:\GitHub2\vial-qmk\keyboards\rossw42\abacus\keymaps\vial\vial.json
D:\GitHub2\vial-qmk\keyboards\rossw42\cm\keyboard.json,D:\GitHub2\vial-qmk\keyboards\rossw42\cm\keymaps\vial\vial.json
D:\GitHub2\vial-qmk\keyboards\rossw42\corne4x6\keyboard.json,D:\GitHub2\vial-qmk\keyboards\rossw42\corne4x6\keymaps\vial\vial.json
D:\GitHub2\vial-qmk\keyboards\rossw42\corne_left_rp2040\keyboard.json,D:\GitHub2\vial-qmk\keyboards\rossw42\corne_left_rp2040\keymaps\vial\vial.json
D:\GitHub2\vial-qmk\keyboards\rossw42\crkbd_rev1\keyboard.json,D:\GitHub2\vial-qmk\keyboards\rossw42\crkbd_rev1\keymaps\vial\vial.json
D:\GitHub2\vial-qmk\keyboards\rossw42\cygnus_dactyl\keyboard.json,D:\GitHub2\vial-qmk\keyboards\rossw42\cygnus_dactyl\keymaps\vial\vial.json
D:\GitHub2\vial-qmk\keyboards\rossw42\macropad\keyboard.json,D:\GitHub2\vial-qmk\keyboards\rossw42\macropad\keymaps\vial\vial.json
D:\GitHub2\vial-qmk\keyboards\rossw42\twokey_trackball\keyboard.json,D:\GitHub2\vial-qmk\keyboards\rossw42\twokey_trackball\keymaps\vial\vial.json
D:\GitHub2\vial-qmk\keyboards\rmi_kb\herringbone\pro\keyboard.json,D:\GitHub2\vial-qmk\keyboards\rmi_kb\herringbone\pro\keymaps\vial\vial.json
D:\GitHub2\vial-qmk\keyboards\rgbkb\zen\rev1\keyboard.json,D:\GitHub2\vial-qmk\keyboards\rgbkb\zen\rev1\keymaps\vial\vial.json
D:\GitHub2\vial-qmk\keyboards\reviung\reviung34\keyboard.json,D:\GitHub2\vial-qmk\keyboards\reviung\reviung34\keymaps\vial\vial.json
D:\GitHub2\vial-qmk\keyboards\reviung\reviung39\keyboard.json,D:\GitHub2\vial-qmk\keyboards\reviung\reviung39\keymaps\vial\vial.json
D:\GitHub2\vial-qmk\keyboards\reviung\reviung41\keyboard.json,D:\GitHub2\vial-qmk\keyboards\reviung\reviung41\keymaps\vial\vial.json
D:\GitHub2\vial-qmk\keyboards\reviung\reviung5\keyboard.json,D:\GitHub2\vial-qmk\keyboards\reviung\reviung5\keymaps\vial\vial.json
D:\GitHub2\vial-qmk\keyboards\reviung\reviung53\keyboard.json,D:\GitHub2\vial-qmk\keyboards\reviung\reviung53\keymaps\vial\vial.json
D:\GitHub2\vial-qmk\keyboards\reedskeebs\alish40\keyboard.json,D:\GitHub2\vial-qmk\keyboards\reedskeebs\alish40\keymaps\vial\vial.json
D:\GitHub2\vial-qmk\keyboards\rarepotato8de\3x3macropad\keyboard.json,D:\GitHub2\vial-qmk\keyboards\rarepotato8de\3x3macropad\keymaps\vial\vial.json
D:\GitHub2\vial-qmk\keyboards\projectd\65\projectd_65_ansi\keyboard.json,D:\GitHub2\vial-qmk\keyboards\projectd\65\projectd_65_ansi\keymaps\vial\vial.json
D:\GitHub2\vial-qmk\keyboards\preonic\rev1\keyboard.json,D:\GitHub2\vial-qmk\keyboards\preonic\rev1\keymaps\vial\vial.json
D:\GitHub2\vial-qmk\keyboards\preonic\rev3\keyboard.json,D:\GitHub2\vial-qmk\keyboards\preonic\rev3\keymaps\vial\vial.json
D:\GitHub2\vial-qmk\keyboards\preonic\rev3_drop\keyboard.json,D:\GitHub2\vial-qmk\keyboards\preonic\rev3_drop\keymaps\vial\vial.json
D:\GitHub2\vial-qmk\keyboards\pohjolaworks\louhi\keyboard.json,D:\GitHub2\vial-qmk\keyboards\pohjolaworks\louhi\keymaps\vial\vial.json
D:\GitHub2\vial-qmk\keyboards\pohjolaworks\sotka\keyboard.json,D:\GitHub2\vial-qmk\keyboards\pohjolaworks\sotka\keymaps\vial\vial.json
D:\GitHub2\vial-qmk\keyboards\ploopyco\mouse\rev1_002\keyboard.json,D:\GitHub2\vial-qmk\keyboards\ploopyco\mouse\rev1_002\keymaps\vial\vial.json
D:\GitHub2\vial-qmk\keyboards\ploopyco\mouse\rev1_003\keyboard.json,D:\GitHub2\vial-qmk\keyboards\ploopyco\mouse\rev1_003\keymaps\vial\vial.json
D:\GitHub2\vial-qmk\keyboards\planck\light\keyboard.json,D:\GitHub2\vial-qmk\keyboards\planck\light\keymaps\vial\vial.json
D:\GitHub2\vial-qmk\keyboards\planck\rev6_drop\keyboard.json,D:\GitHub2\vial-qmk\keyboards\planck\rev6_drop\keymaps\vial\vial.json
D:\GitHub2\vial-qmk\keyboards\planck\rev7\keyboard.json,D:\GitHub2\vial-qmk\keyboards\planck\rev7\keymaps\vial\vial.json
D:\GitHub2\vial-qmk\keyboards\pinky\4\keyboard.json,D:\GitHub2\vial-qmk\keyboards\pinky\4\keymaps\vial\vial.json
D:\GitHub2\vial-qmk\keyboards\peej\lumberjack\keyboard.json,D:\GitHub2\vial-qmk\keyboards\peej\lumberjack\keymaps\vial\vial.json
D:\GitHub2\vial-qmk\keyboards\pearlboards\pandora\keyboard.json,D:\GitHub2\vial-qmk\keyboards\pearlboards\pandora\keymaps\vial\vial.json
D:\GitHub2\vial-qmk\keyboards\owlab\suit80\ansi\keyboard.json,D:\GitHub2\vial-qmk\keyboards\owlab\suit80\ansi\keymaps\vial\vial.json
D:\GitHub2\vial-qmk\keyboards\owlab\suit80\iso\keyboard.json,D:\GitHub2\vial-qmk\keyboards\owlab\suit80\iso\keymaps\vial\vial.json
D:\GitHub2\vial-qmk\keyboards\owlab\jelly_epoch\hotswap\keyboard.json,D:\GitHub2\vial-qmk\keyboards\owlab\jelly_epoch\hotswap\keymaps\vial\vial.json
D:\GitHub2\vial-qmk\keyboards\owlab\jelly_epoch\soldered\keyboard.json,D:\GitHub2\vial-qmk\keyboards\owlab\jelly_epoch\soldered\keymaps\vial\vial.json
D:\GitHub2\vial-qmk\keyboards\omkbd\runner3680\5x6_5x8\keyboard.json,D:\GitHub2\vial-qmk\keyboards\omkbd\runner3680\5x6_5x8\keymaps\vial\vial.json
D:\GitHub2\vial-qmk\keyboards\omkbd\runner3680\5x7\keyboard.json,D:\GitHub2\vial-qmk\keyboards\omkbd\runner3680\5x7\keymaps\vial\vial.json
D:\GitHub2\vial-qmk\keyboards\omkbd\ergodash\rev1\keyboard.json,D:\GitHub2\vial-qmk\keyboards\omkbd\ergodash\rev1\keymaps\vial\vial.json
D:\GitHub2\vial-qmk\keyboards\nullbitsco\nibble\keyboard.json,D:\GitHub2\vial-qmk\keyboards\nullbitsco\nibble\keymaps\vial\vial.json
D:\GitHub2\vial-qmk\keyboards\noxary\valhalla\keyboard.json,D:\GitHub2\vial-qmk\keyboards\noxary\valhalla\keymaps\vial\vial.json
D:\GitHub2\vial-qmk\keyboards\novelkeys\nk87\keyboard.json,D:\GitHub2\vial-qmk\keyboards\novelkeys\nk87\keymaps\vial\vial.json
D:\GitHub2\vial-qmk\keyboards\novelkeys\nk_classic_tkl\keyboard.json,D:\GitHub2\vial-qmk\keyboards\novelkeys\nk_classic_tkl\keymaps\vial\vial.json
D:\GitHub2\vial-qmk\keyboards\nopunin10did\jabberwocky\v2\keyboard.json,D:\GitHub2\vial-qmk\keyboards\nopunin10did\jabberwocky\v2\keymaps\vial\vial.json
D:\GitHub2\vial-qmk\keyboards\nachie\evelyn\keyboard.json,D:\GitHub2\vial-qmk\keyboards\nachie\evelyn\keymaps\vial\vial.json
D:\GitHub2\vial-qmk\keyboards\nachie\littlewritter\keyboard.json,D:\GitHub2\vial-qmk\keyboards\nachie\littlewritter\keymaps\vial\vial.json
D:\GitHub2\vial-qmk\keyboards\nachie\rnd60\keyboard.json,D:\GitHub2\vial-qmk\keyboards\nachie\rnd60\keymaps\vial\vial.json
D:\GitHub2\vial-qmk\keyboards\nachie\subtext\keyboard.json,D:\GitHub2\vial-qmk\keyboards\nachie\subtext\keymaps\vial\vial.json
D:\GitHub2\vial-qmk\keyboards\nachie\syndrome\keyboard.json,D:\GitHub2\vial-qmk\keyboards\nachie\syndrome\keymaps\vial\vial.json
D:\GitHub2\vial-qmk\keyboards\nachie\syndrome_ortho\keyboard.json,D:\GitHub2\vial-qmk\keyboards\nachie\syndrome_ortho\keymaps\vial\vial.json
D:\GitHub2\vial-qmk\keyboards\mzmkb\slimdash\rev1\keyboard.json,D:\GitHub2\vial-qmk\keyboards\mzmkb\slimdash\rev1\keymaps\vial\vial.json
D:\GitHub2\vial-qmk\keyboards\murcielago\rev1\keyboard.json,D:\GitHub2\vial-qmk\keyboards\murcielago\rev1\keymaps\vial\vial.json
D:\GitHub2\vial-qmk\keyboards\mt\blocked65\keyboard.json,D:\GitHub2\vial-qmk\keyboards\mt\blocked65\keymaps\vial\vial.json
D:\GitHub2\vial-qmk\keyboards\mt\split75\keyboard.json,D:\GitHub2\vial-qmk\keyboards\mt\split75\keymaps\vial\vial.json
D:\GitHub2\vial-qmk\keyboards\mt\ncr80\r2\hotswap\keyboard.json,D:\GitHub2\vial-qmk\keyboards\mt\ncr80\r2\hotswap\keymaps\vial\vial.json
D:\GitHub2\vial-qmk\keyboards\mt\ncr80\r2\solder\keyboard.json,D:\GitHub2\vial-qmk\keyboards\mt\ncr80\r2\solder\keymaps\vial\vial.json
D:\GitHub2\vial-qmk\keyboards\montsinger\rebound\rev4\keyboard.json,D:\GitHub2\vial-qmk\keyboards\montsinger\rebound\rev4\keymaps\vial\vial.json
D:\GitHub2\vial-qmk\keyboards\monsgeek\m1\keyboard.json,D:\GitHub2\vial-qmk\keyboards\monsgeek\m1\keymaps\vial\vial.json
D:\GitHub2\vial-qmk\keyboards\monsgeek\m3\keyboard.json,D:\GitHub2\vial-qmk\keyboards\monsgeek\m3\keymaps\vial\vial.json
D:\GitHub2\vial-qmk\keyboards\monsgeek\m5\keyboard.json,D:\GitHub2\vial-qmk\keyboards\monsgeek\m5\keymaps\vial\vial.json
D:\GitHub2\vial-qmk\keyboards\monsgeek\m6\keyboard.json,D:\GitHub2\vial-qmk\keyboards\monsgeek\m6\keymaps\vial\vial.json
D:\GitHub2\vial-qmk\keyboards\mode\m256wh\keyboard.json,D:\GitHub2\vial-qmk\keyboards\mode\m256wh\keymaps\vial\vial.json
D:\GitHub2\vial-qmk\keyboards\mode\m256ws\keyboard.json,D:\GitHub2\vial-qmk\keyboards\mode\m256ws\keymaps\vial\vial.json
D:\GitHub2\vial-qmk\keyboards\mode\m65ha_alpha\keyboard.json,D:\GitHub2\vial-qmk\keyboards\mode\m65ha_alpha\keymaps\vial\vial.json
D:\GitHub2\vial-qmk\keyboards\mode\m75h\keyboard.json,D:\GitHub2\vial-qmk\keyboards\mode\m75h\keymaps\vial\vial.json
D:\GitHub2\vial-qmk\keyboards\mode\m75s\keyboard.json,D:\GitHub2\vial-qmk\keyboards\mode\m75s\keymaps\vial\vial.json
D:\GitHub2\vial-qmk\keyboards\mode\m80v1\m80s\keyboard.json,D:\GitHub2\vial-qmk\keyboards\mode\m80v1\m80s\keymaps\vial\vial.json
D:\GitHub2\vial-qmk\keyboards\mkh_studio\bully\keyboard.json,D:\GitHub2\vial-qmk\keyboards\mkh_studio\bully\keymaps\vial\vial.json
D:\GitHub2\vial-qmk\keyboards\melonbred\mb44v2\keyboard.json,D:\GitHub2\vial-qmk\keyboards\melonbred\mb44v2\keymaps\vial\vial.json
D:\GitHub2\vial-qmk\keyboards\meletrix\zoom65\keyboard.json,D:\GitHub2\vial-qmk\keyboards\meletrix\zoom65\keymaps\vial\vial.json
D:\GitHub2\vial-qmk\keyboards\meletrix\zoom65_lite\keyboard.json,D:\GitHub2\vial-qmk\keyboards\meletrix\zoom65_lite\keymaps\vial\vial.json
D:\GitHub2\vial-qmk\keyboards\mechwild\clunker\keyboard.json,D:\GitHub2\vial-qmk\keyboards\mechwild\clunker\keymaps\vial\vial.json
D:\GitHub2\vial-qmk\keyboards\mechwild\mercutio\keyboard.json,D:\GitHub2\vial-qmk\keyboards\mechwild\mercutio\keymaps\vial\vial.json
D:\GitHub2\vial-qmk\keyboards\mechwild\murphpad\keyboard.json,D:\GitHub2\vial-qmk\keyboards\mechwild\murphpad\keymaps\vial\vial.json
D:\GitHub2\vial-qmk\keyboards\mechwild\puckbuddy\keyboard.json,D:\GitHub2\vial-qmk\keyboards\mechwild\puckbuddy\keymaps\vial\vial.json
D:\GitHub2\vial-qmk\keyboards\mechwild\mokulua\mirrored\keyboard.json,D:\GitHub2\vial-qmk\keyboards\mechwild\mokulua\mirrored\keymaps\vial\vial.json
D:\GitHub2\vial-qmk\keyboards\mechwild\mokulua\standard\keyboard.json,D:\GitHub2\vial-qmk\keyboards\mechwild\mokulua\standard\keymaps\vial\vial.json
D:\GitHub2\vial-qmk\keyboards\mechwild\bde\rev2\keyboard.json,D:\GitHub2\vial-qmk\keyboards\mechwild\bde\rev2\keymaps\vial\vial.json
D:\GitHub2\vial-qmk\keyboards\mechlovin\jay60\keyboard.json,D:\GitHub2\vial-qmk\keyboards\mechlovin\jay60\keymaps\vial\vial.json
D:\GitHub2\vial-qmk\keyboards\mechlovin\kay65\keyboard.json,D:\GitHub2\vial-qmk\keyboards\mechlovin\kay65\keymaps\vial\vial.json
D:\GitHub2\vial-qmk\keyboards\mechlovin\zed60\keyboard.json,D:\GitHub2\vial-qmk\keyboards\mechlovin\zed60\keymaps\vial\vial.json
D:\GitHub2\vial-qmk\keyboards\mechlovin\infinity87\rev1\standard\keyboard.json,D:\GitHub2\vial-qmk\keyboards\mechlovin\infinity87\rev1\standard\keymaps\vial\vial.json
D:\GitHub2\vial-qmk\keyboards\mechlovin\adelais\rgb_led\rev3\keyboard.json,D:\GitHub2\vial-qmk\keyboards\mechlovin\adelais\rgb_led\rev3\keymaps\vial\vial.json
D:\GitHub2\vial-qmk\keyboards\matthewdias\model_v\keyboard.json,D:\GitHub2\vial-qmk\keyboards\matthewdias\model_v\keymaps\vial\vial.json
D:\GitHub2\vial-qmk\keyboards\maple_computing\lets_split_eh\keyboard.json,D:\GitHub2\vial-qmk\keyboards\maple_computing\lets_split_eh\keymaps\vial\vial.json
D:\GitHub2\vial-qmk\keyboards\magic_force\mf17\keyboard.json,D:\GitHub2\vial-qmk\keyboards\magic_force\mf17\keymaps\vial\vial.json
D:\GitHub2\vial-qmk\keyboards\magic_force\mf34\keyboard.json,D:\GitHub2\vial-qmk\keyboards\magic_force\mf34\keymaps\vial\vial.json
D:\GitHub2\vial-qmk\keyboards\lz\erghost\keyboard.json,D:\GitHub2\vial-qmk\keyboards\lz\erghost\keymaps\vial\vial.json
D:\GitHub2\vial-qmk\keyboards\ll3ma\bongopad\keyboard.json,D:\GitHub2\vial-qmk\keyboards\ll3ma\bongopad\keymaps\vial\vial.json
D:\GitHub2\vial-qmk\keyboards\lily58\rev1\keyboard.json,D:\GitHub2\vial-qmk\keyboards\lily58\rev1\keymaps\vial\vial.json
D:\GitHub2\vial-qmk\keyboards\lazydesigners\bolt\keyboard.json,D:\GitHub2\vial-qmk\keyboards\lazydesigners\bolt\keymaps\vial\vial.json
D:\GitHub2\vial-qmk\keyboards\lazydesigners\the30\keyboard.json,D:\GitHub2\vial-qmk\keyboards\lazydesigners\the30\keymaps\vial\vial.json
D:\GitHub2\vial-qmk\keyboards\lazydesigners\the40\keyboard.json,D:\GitHub2\vial-qmk\keyboards\lazydesigners\the40\keymaps\vial\vial.json
D:\GitHub2\vial-qmk\keyboards\kradoindustries\krado66\keyboard.json,D:\GitHub2\vial-qmk\keyboards\kradoindustries\krado66\keymaps\vial\vial.json
D:\GitHub2\vial-qmk\keyboards\kradoindustries\promenade\keyboard.json,D:\GitHub2\vial-qmk\keyboards\kradoindustries\promenade\keymaps\vial\vial.json
D:\GitHub2\vial-qmk\keyboards\kradoindustries\promenade_rp24s\keyboard.json,D:\GitHub2\vial-qmk\keyboards\kradoindustries\promenade_rp24s\keymaps\vial\vial.json
D:\GitHub2\vial-qmk\keyboards\kprepublic\bm16s\keyboard.json,D:\GitHub2\vial-qmk\keyboards\kprepublic\bm16s\keymaps\vial\vial.json
D:\GitHub2\vial-qmk\keyboards\kprepublic\bm43a\keyboard.json,D:\GitHub2\vial-qmk\keyboards\kprepublic\bm43a\keymaps\vial\vial.json
D:\GitHub2\vial-qmk\keyboards\kprepublic\cstc40\daughterboard\keyboard.json,D:\GitHub2\vial-qmk\keyboards\kprepublic\cstc40\daughterboard\keymaps\vial\vial.json
D:\GitHub2\vial-qmk\keyboards\kprepublic\cstc40\single_pcb\keyboard.json,D:\GitHub2\vial-qmk\keyboards\kprepublic\cstc40\single_pcb\keymaps\vial\vial.json
D:\GitHub2\vial-qmk\keyboards\kprepublic\bm60hsrgb_poker\rev2\keyboard.json,D:\GitHub2\vial-qmk\keyboards\kprepublic\bm60hsrgb_poker\rev2\keymaps\vial\vial.json
D:\GitHub2\vial-qmk\keyboards\kprepublic\bm40hsrgb\rev2\keyboard.json,D:\GitHub2\vial-qmk\keyboards\kprepublic\bm40hsrgb\rev2\keymaps\vial\vial.json
D:\GitHub2\vial-qmk\keyboards\kopibeng\mnk65\keyboard.json,D:\GitHub2\vial-qmk\keyboards\kopibeng\mnk65\keymaps\vial\vial.json
D:\GitHub2\vial-qmk\keyboards\kopibeng\xt60_singa\keyboard.json,D:\GitHub2\vial-qmk\keyboards\kopibeng\xt60_singa\keymaps\vial\vial.json
D:\GitHub2\vial-qmk\keyboards\kkatano\bakeneko60\keyboard.json,D:\GitHub2\vial-qmk\keyboards\kkatano\bakeneko60\keymaps\vial\vial.json
D:\GitHub2\vial-qmk\keyboards\kiserdesigns\madeline\keyboard.json,D:\GitHub2\vial-qmk\keyboards\kiserdesigns\madeline\keymaps\vial\vial.json
D:\GitHub2\vial-qmk\keyboards\kingly_keys\romac\keyboard.json,D:\GitHub2\vial-qmk\keyboards\kingly_keys\romac\keymaps\vial\vial.json
D:\GitHub2\vial-qmk\keyboards\kindakeyboards\conone65\keyboard.json,D:\GitHub2\vial-qmk\keyboards\kindakeyboards\conone65\keymaps\vial\vial.json
D:\GitHub2\vial-qmk\keyboards\kikoslab\kl90\keyboard.json,D:\GitHub2\vial-qmk\keyboards\kikoslab\kl90\keymaps\vial\vial.json
D:\GitHub2\vial-qmk\keyboards\keyten\aperture\keyboard.json,D:\GitHub2\vial-qmk\keyboards\keyten\aperture\keymaps\vial\vial.json
D:\GitHub2\vial-qmk\keyboards\keyten\diablo\keyboard.json,D:\GitHub2\vial-qmk\keyboards\keyten\diablo\keymaps\vial\vial.json
D:\GitHub2\vial-qmk\keyboards\keyten\imi60_hs\keyboard.json,D:\GitHub2\vial-qmk\keyboards\keyten\imi60_hs\keymaps\vial\vial.json
D:\GitHub2\vial-qmk\keyboards\keyten\kt356_mini\keyboard.json,D:\GitHub2\vial-qmk\keyboards\keyten\kt356_mini\keymaps\vial\vial.json
D:\GitHub2\vial-qmk\keyboards\keyten\kt60_mu\keyboard.json,D:\GitHub2\vial-qmk\keyboards\keyten\kt60_mu\keymaps\vial\vial.json
D:\GitHub2\vial-qmk\keyboards\keyten\lisa\keyboard.json,D:\GitHub2\vial-qmk\keyboards\keyten\lisa\keymaps\vial\vial.json
D:\GitHub2\vial-qmk\keyboards\keyten\ortho_slayer\keyboard.json,D:\GitHub2\vial-qmk\keyboards\keyten\ortho_slayer\keymaps\vial\vial.json
D:\GitHub2\vial-qmk\keyboards\keyten\kt60hs_t\v1\keyboard.json,D:\GitHub2\vial-qmk\keyboards\keyten\kt60hs_t\v1\keymaps\vial\vial.json
D:\GitHub2\vial-qmk\keyboards\keyten\kt60hs_t\v2\keyboard.json,D:\GitHub2\vial-qmk\keyboards\keyten\kt60hs_t\v2\keymaps\vial\vial.json
D:\GitHub2\vial-qmk\keyboards\keyten\kt60hs_t\v3\keyboard.json,D:\GitHub2\vial-qmk\keyboards\keyten\kt60hs_t\v3\keymaps\vial\vial.json
D:\GitHub2\vial-qmk\keyboards\keyten\imi60\rev1\keyboard.json,D:\GitHub2\vial-qmk\keyboards\keyten\imi60\rev1\keymaps\vial\vial.json
D:\GitHub2\vial-qmk\keyboards\keyten\imi60\rev2\keyboard.json,D:\GitHub2\vial-qmk\keyboards\keyten\imi60\rev2\keymaps\vial\vial.json
D:\GitHub2\vial-qmk\keyboards\keyquest\enclave\keyboard.json,D:\GitHub2\vial-qmk\keyboards\keyquest\enclave\keymaps\vial\vial.json
D:\GitHub2\vial-qmk\keyboards\keyhive\absinthe\keyboard.json,D:\GitHub2\vial-qmk\keyboards\keyhive\absinthe\keymaps\vial\vial.json
D:\GitHub2\vial-qmk\keyboards\keyhive\lattice60\keyboard.json,D:\GitHub2\vial-qmk\keyboards\keyhive\lattice60\keymaps\vial\vial.json
D:\GitHub2\vial-qmk\keyboards\keyhive\smallice\keyboard.json,D:\GitHub2\vial-qmk\keyboards\keyhive\smallice\keymaps\vial\vial.json
D:\GitHub2\vial-qmk\keyboards\keyhive\ut472\keyboard.json,D:\GitHub2\vial-qmk\keyboards\keyhive\ut472\keymaps\vial\vial.json
D:\GitHub2\vial-qmk\keyboards\keychron\v8\ansi\keyboard.json,D:\GitHub2\vial-qmk\keyboards\keychron\v8\ansi\keymaps\vial\vial.json
D:\GitHub2\vial-qmk\keyboards\keychron\v8\ansi_encoder\keyboard.json,D:\GitHub2\vial-qmk\keyboards\keychron\v8\ansi_encoder\keymaps\vial\vial.json
D:\GitHub2\vial-qmk\keyboards\keychron\v8\iso\keyboard.json,D:\GitHub2\vial-qmk\keyboards\keychron\v8\iso\keymaps\vial\vial.json
D:\GitHub2\vial-qmk\keyboards\keychron\v8\iso_encoder\keyboard.json,D:\GitHub2\vial-qmk\keyboards\keychron\v8\iso_encoder\keymaps\vial\vial.json
D:\GitHub2\vial-qmk\keyboards\keychron\v7\ansi\keyboard.json,D:\GitHub2\vial-qmk\keyboards\keychron\v7\ansi\keymaps\vial\vial.json
D:\GitHub2\vial-qmk\keyboards\keychron\v7\iso\keyboard.json,D:\GitHub2\vial-qmk\keyboards\keychron\v7\iso\keymaps\vial\vial.json
D:\GitHub2\vial-qmk\keyboards\keychron\v6\ansi\keyboard.json,D:\GitHub2\vial-qmk\keyboards\keychron\v6\ansi\keymaps\vial\vial.json
D:\GitHub2\vial-qmk\keyboards\keychron\v6\ansi_encoder\keyboard.json,D:\GitHub2\vial-qmk\keyboards\keychron\v6\ansi_encoder\keymaps\vial\vial.json
D:\GitHub2\vial-qmk\keyboards\keychron\v6\iso\keyboard.json,D:\GitHub2\vial-qmk\keyboards\keychron\v6\iso\keymaps\vial\vial.json
D:\GitHub2\vial-qmk\keyboards\keychron\v6\iso_encoder\keyboard.json,D:\GitHub2\vial-qmk\keyboards\keychron\v6\iso_encoder\keymaps\vial\vial.json
D:\GitHub2\vial-qmk\keyboards\keychron\v5\ansi\keyboard.json,D:\GitHub2\vial-qmk\keyboards\keychron\v5\ansi\keymaps\vial\vial.json
D:\GitHub2\vial-qmk\keyboards\keychron\v5\ansi_encoder\keyboard.json,D:\GitHub2\vial-qmk\keyboards\keychron\v5\ansi_encoder\keymaps\vial\vial.json
D:\GitHub2\vial-qmk\keyboards\keychron\v5\iso\keyboard.json,D:\GitHub2\vial-qmk\keyboards\keychron\v5\iso\keymaps\vial\vial.json
D:\GitHub2\vial-qmk\keyboards\keychron\v5\iso_encoder\keyboard.json,D:\GitHub2\vial-qmk\keyboards\keychron\v5\iso_encoder\keymaps\vial\vial.json
D:\GitHub2\vial-qmk\keyboards\keychron\v4\ansi\keyboard.json,D:\GitHub2\vial-qmk\keyboards\keychron\v4\ansi\keymaps\vial\vial.json
D:\GitHub2\vial-qmk\keyboards\keychron\v4\iso\keyboard.json,D:\GitHub2\vial-qmk\keyboards\keychron\v4\iso\keymaps\vial\vial.json
D:\GitHub2\vial-qmk\keyboards\keychron\v3\ansi\keyboard.json,D:\GitHub2\vial-qmk\keyboards\keychron\v3\ansi\keymaps\vial\vial.json
D:\GitHub2\vial-qmk\keyboards\keychron\v3\ansi_encoder\keyboard.json,D:\GitHub2\vial-qmk\keyboards\keychron\v3\ansi_encoder\keymaps\vial\vial.json
D:\GitHub2\vial-qmk\keyboards\keychron\v3\iso\keyboard.json,D:\GitHub2\vial-qmk\keyboards\keychron\v3\iso\keymaps\vial\vial.json
D:\GitHub2\vial-qmk\keyboards\keychron\v3\iso_encoder\keyboard.json,D:\GitHub2\vial-qmk\keyboards\keychron\v3\iso_encoder\keymaps\vial\vial.json
D:\GitHub2\vial-qmk\keyboards\keychron\v3\jis\keyboard.json,D:\GitHub2\vial-qmk\keyboards\keychron\v3\jis\keymaps\vial\vial.json
D:\GitHub2\vial-qmk\keyboards\keychron\v3\jis_encoder\keyboard.json,D:\GitHub2\vial-qmk\keyboards\keychron\v3\jis_encoder\keymaps\vial\vial.json
D:\GitHub2\vial-qmk\keyboards\keychron\v2\ansi\keyboard.json,D:\GitHub2\vial-qmk\keyboards\keychron\v2\ansi\keymaps\vial\vial.json
D:\GitHub2\vial-qmk\keyboards\keychron\v2\ansi_encoder\keyboard.json,D:\GitHub2\vial-qmk\keyboards\keychron\v2\ansi_encoder\keymaps\vial\vial.json
D:\GitHub2\vial-qmk\keyboards\keychron\v2\iso\keyboard.json,D:\GitHub2\vial-qmk\keyboards\keychron\v2\iso\keymaps\vial\vial.json
D:\GitHub2\vial-qmk\keyboards\keychron\v2\iso_encoder\keyboard.json,D:\GitHub2\vial-qmk\keyboards\keychron\v2\iso_encoder\keymaps\vial\vial.json
D:\GitHub2\vial-qmk\keyboards\keychron\v2\jis\keyboard.json,D:\GitHub2\vial-qmk\keyboards\keychron\v2\jis\keymaps\vial\vial.json
D:\GitHub2\vial-qmk\keyboards\keychron\v2\jis_encoder\keyboard.json,D:\GitHub2\vial-qmk\keyboards\keychron\v2\jis_encoder\keymaps\vial\vial.json
D:\GitHub2\vial-qmk\keyboards\keychron\v10\ansi_encoder\keyboard.json,D:\GitHub2\vial-qmk\keyboards\keychron\v10\ansi_encoder\keymaps\vial\vial.json
D:\GitHub2\vial-qmk\keyboards\keychron\v10\iso_encoder\keyboard.json,D:\GitHub2\vial-qmk\keyboards\keychron\v10\iso_encoder\keymaps\vial\vial.json
D:\GitHub2\vial-qmk\keyboards\keychron\v1\ansi\keyboard.json,D:\GitHub2\vial-qmk\keyboards\keychron\v1\ansi\keymaps\vial\vial.json
D:\GitHub2\vial-qmk\keyboards\keychron\v1\ansi_encoder\keyboard.json,D:\GitHub2\vial-qmk\keyboards\keychron\v1\ansi_encoder\keymaps\vial\vial.json
D:\GitHub2\vial-qmk\keyboards\keychron\v1\iso\keyboard.json,D:\GitHub2\vial-qmk\keyboards\keychron\v1\iso\keymaps\vial\vial.json
D:\GitHub2\vial-qmk\keyboards\keychron\v1\iso_encoder\keyboard.json,D:\GitHub2\vial-qmk\keyboards\keychron\v1\iso_encoder\keymaps\vial\vial.json
D:\GitHub2\vial-qmk\keyboards\keychron\v1\jis\keyboard.json,D:\GitHub2\vial-qmk\keyboards\keychron\v1\jis\keymaps\vial\vial.json
D:\GitHub2\vial-qmk\keyboards\keychron\v1\jis_encoder\keyboard.json,D:\GitHub2\vial-qmk\keyboards\keychron\v1\jis_encoder\keymaps\vial\vial.json
D:\GitHub2\vial-qmk\keyboards\keychron\s1\ansi\rgb\keyboard.json,D:\GitHub2\vial-qmk\keyboards\keychron\s1\ansi\rgb\keymaps\vial\vial.json
D:\GitHub2\vial-qmk\keyboards\keychron\q9_plus\ansi_encoder\keyboard.json,D:\GitHub2\vial-qmk\keyboards\keychron\q9_plus\ansi_encoder\keymaps\vial\vial.json
D:\GitHub2\vial-qmk\keyboards\keychron\q9\ansi\keyboard.json,D:\GitHub2\vial-qmk\keyboards\keychron\q9\ansi\keymaps\vial\vial.json
D:\GitHub2\vial-qmk\keyboards\keychron\q9\ansi_encoder\keyboard.json,D:\GitHub2\vial-qmk\keyboards\keychron\q9\ansi_encoder\keymaps\vial\vial.json
D:\GitHub2\vial-qmk\keyboards\keychron\q9\iso\keyboard.json,D:\GitHub2\vial-qmk\keyboards\keychron\q9\iso\keymaps\vial\vial.json
D:\GitHub2\vial-qmk\keyboards\keychron\q9\iso_encoder\keyboard.json,D:\GitHub2\vial-qmk\keyboards\keychron\q9\iso_encoder\keymaps\vial\vial.json
D:\GitHub2\vial-qmk\keyboards\keychron\q8\ansi\keyboard.json,D:\GitHub2\vial-qmk\keyboards\keychron\q8\ansi\keymaps\vial\vial.json
D:\GitHub2\vial-qmk\keyboards\keychron\q8\ansi_encoder\keyboard.json,D:\GitHub2\vial-qmk\keyboards\keychron\q8\ansi_encoder\keymaps\vial\vial.json
D:\GitHub2\vial-qmk\keyboards\keychron\q8\iso\keyboard.json,D:\GitHub2\vial-qmk\keyboards\keychron\q8\iso\keymaps\vial\vial.json
D:\GitHub2\vial-qmk\keyboards\keychron\q8\iso_encoder\keyboard.json,D:\GitHub2\vial-qmk\keyboards\keychron\q8\iso_encoder\keymaps\vial\vial.json
D:\GitHub2\vial-qmk\keyboards\keychron\q7\ansi\keyboard.json,D:\GitHub2\vial-qmk\keyboards\keychron\q7\ansi\keymaps\vial\vial.json
D:\GitHub2\vial-qmk\keyboards\keychron\q7\iso\keyboard.json,D:\GitHub2\vial-qmk\keyboards\keychron\q7\iso\keymaps\vial\vial.json
D:\GitHub2\vial-qmk\keyboards\keychron\q65\ansi_encoder\keyboard.json,D:\GitHub2\vial-qmk\keyboards\keychron\q65\ansi_encoder\keymaps\vial\vial.json
D:\GitHub2\vial-qmk\keyboards\keychron\q60\ansi\keyboard.json,D:\GitHub2\vial-qmk\keyboards\keychron\q60\ansi\keymaps\vial\vial.json
D:\GitHub2\vial-qmk\keyboards\keychron\q6\ansi\keyboard.json,D:\GitHub2\vial-qmk\keyboards\keychron\q6\ansi\keymaps\vial\vial.json
D:\GitHub2\vial-qmk\keyboards\keychron\q6\ansi_encoder\keyboard.json,D:\GitHub2\vial-qmk\keyboards\keychron\q6\ansi_encoder\keymaps\vial\vial.json
D:\GitHub2\vial-qmk\keyboards\keychron\q6\iso\keyboard.json,D:\GitHub2\vial-qmk\keyboards\keychron\q6\iso\keymaps\vial\vial.json
D:\GitHub2\vial-qmk\keyboards\keychron\q6\iso_encoder\keyboard.json,D:\GitHub2\vial-qmk\keyboards\keychron\q6\iso_encoder\keymaps\vial\vial.json
D:\GitHub2\vial-qmk\keyboards\keychron\q5\ansi\keyboard.json,D:\GitHub2\vial-qmk\keyboards\keychron\q5\ansi\keymaps\vial\vial.json
D:\GitHub2\vial-qmk\keyboards\keychron\q5\ansi_encoder\keyboard.json,D:\GitHub2\vial-qmk\keyboards\keychron\q5\ansi_encoder\keymaps\vial\vial.json
D:\GitHub2\vial-qmk\keyboards\keychron\q5\iso\keyboard.json,D:\GitHub2\vial-qmk\keyboards\keychron\q5\iso\keymaps\vial\vial.json
D:\GitHub2\vial-qmk\keyboards\keychron\q5\iso_encoder\keyboard.json,D:\GitHub2\vial-qmk\keyboards\keychron\q5\iso_encoder\keymaps\vial\vial.json
D:\GitHub2\vial-qmk\keyboards\keychron\q4\iso\keyboard.json,D:\GitHub2\vial-qmk\keyboards\keychron\q4\iso\keymaps\vial\vial.json
D:\GitHub2\vial-qmk\keyboards\keychron\q3\ansi\keyboard.json,D:\GitHub2\vial-qmk\keyboards\keychron\q3\ansi\keymaps\vial\vial.json
D:\GitHub2\vial-qmk\keyboards\keychron\q3\ansi_encoder\keyboard.json,D:\GitHub2\vial-qmk\keyboards\keychron\q3\ansi_encoder\keymaps\vial\vial.json
D:\GitHub2\vial-qmk\keyboards\keychron\q3\iso\keyboard.json,D:\GitHub2\vial-qmk\keyboards\keychron\q3\iso\keymaps\vial\vial.json
D:\GitHub2\vial-qmk\keyboards\keychron\q3\iso_encoder\keyboard.json,D:\GitHub2\vial-qmk\keyboards\keychron\q3\iso_encoder\keymaps\vial\vial.json
D:\GitHub2\vial-qmk\keyboards\keychron\q2\ansi\keyboard.json,D:\GitHub2\vial-qmk\keyboards\keychron\q2\ansi\keymaps\vial\vial.json
D:\GitHub2\vial-qmk\keyboards\keychron\q2\ansi_encoder\keyboard.json,D:\GitHub2\vial-qmk\keyboards\keychron\q2\ansi_encoder\keymaps\vial\vial.json
D:\GitHub2\vial-qmk\keyboards\keychron\q2\iso\keyboard.json,D:\GitHub2\vial-qmk\keyboards\keychron\q2\iso\keymaps\vial\vial.json
D:\GitHub2\vial-qmk\keyboards\keychron\q2\iso_encoder\keyboard.json,D:\GitHub2\vial-qmk\keyboards\keychron\q2\iso_encoder\keymaps\vial\vial.json
D:\GitHub2\vial-qmk\keyboards\keychron\q2\jis\keyboard.json,D:\GitHub2\vial-qmk\keyboards\keychron\q2\jis\keymaps\vial\vial.json
D:\GitHub2\vial-qmk\keyboards\keychron\q2\jis_encoder\keyboard.json,D:\GitHub2\vial-qmk\keyboards\keychron\q2\jis_encoder\keymaps\vial\vial.json
D:\GitHub2\vial-qmk\keyboards\keychron\q1v2\ansi\keyboard.json,D:\GitHub2\vial-qmk\keyboards\keychron\q1v2\ansi\keymaps\vial\vial.json
D:\GitHub2\vial-qmk\keyboards\keychron\q1v2\ansi_encoder\keyboard.json,D:\GitHub2\vial-qmk\keyboards\keychron\q1v2\ansi_encoder\keymaps\vial\vial.json
D:\GitHub2\vial-qmk\keyboards\keychron\q1v2\iso\keyboard.json,D:\GitHub2\vial-qmk\keyboards\keychron\q1v2\iso\keymaps\vial\vial.json
D:\GitHub2\vial-qmk\keyboards\keychron\q1v2\iso_encoder\keyboard.json,D:\GitHub2\vial-qmk\keyboards\keychron\q1v2\iso_encoder\keymaps\vial\vial.json
D:\GitHub2\vial-qmk\keyboards\keychron\q1v2\jis\keyboard.json,D:\GitHub2\vial-qmk\keyboards\keychron\q1v2\jis\keymaps\vial\vial.json
D:\GitHub2\vial-qmk\keyboards\keychron\q1v2\jis_encoder\keyboard.json,D:\GitHub2\vial-qmk\keyboards\keychron\q1v2\jis_encoder\keymaps\vial\vial.json
D:\GitHub2\vial-qmk\keyboards\keychron\q1v1\ansi\keyboard.json,D:\GitHub2\vial-qmk\keyboards\keychron\q1v1\ansi\keymaps\vial\vial.json
D:\GitHub2\vial-qmk\keyboards\keychron\q12\ansi_encoder\keyboard.json,D:\GitHub2\vial-qmk\keyboards\keychron\q12\ansi_encoder\keymaps\vial\vial.json
D:\GitHub2\vial-qmk\keyboards\keychron\q12\iso_encoder\keyboard.json,D:\GitHub2\vial-qmk\keyboards\keychron\q12\iso_encoder\keymaps\vial\vial.json
D:\GitHub2\vial-qmk\keyboards\keychron\q11\ansi_encoder\keyboard.json,D:\GitHub2\vial-qmk\keyboards\keychron\q11\ansi_encoder\keymaps\vial\vial.json
D:\GitHub2\vial-qmk\keyboards\keychron\q11\iso_encoder\keyboard.json,D:\GitHub2\vial-qmk\keyboards\keychron\q11\iso_encoder\keymaps\vial\vial.json
D:\GitHub2\vial-qmk\keyboards\keychron\q10\ansi_encoder\keyboard.json,D:\GitHub2\vial-qmk\keyboards\keychron\q10\ansi_encoder\keymaps\vial\vial.json
D:\GitHub2\vial-qmk\keyboards\keychron\q10\iso_encoder\keyboard.json,D:\GitHub2\vial-qmk\keyboards\keychron\q10\iso_encoder\keymaps\vial\vial.json
D:\GitHub2\vial-qmk\keyboards\keychron\q0\base\keyboard.json,D:\GitHub2\vial-qmk\keyboards\keychron\q0\base\keymaps\vial\vial.json
D:\GitHub2\vial-qmk\keyboards\keychron\q0\plus\keyboard.json,D:\GitHub2\vial-qmk\keyboards\keychron\q0\plus\keymaps\vial\vial.json
D:\GitHub2\vial-qmk\keyboards\keychron\c3_pro\ansi\red\keyboard.json,D:\GitHub2\vial-qmk\keyboards\keychron\c3_pro\ansi\red\keymaps\vial\vial.json
D:\GitHub2\vial-qmk\keyboards\keychron\c2_pro_v2\ansi\white\keyboard.json,D:\GitHub2\vial-qmk\keyboards\keychron\c2_pro_v2\ansi\white\keymaps\vial\vial.json
D:\GitHub2\vial-qmk\keyboards\keycapsss\3w6_2040\keyboard.json,D:\GitHub2\vial-qmk\keyboards\keycapsss\3w6_2040\keymaps\vial\vial.json
D:\GitHub2\vial-qmk\keyboards\keycapsss\kimiko\rev1\keyboard.json,D:\GitHub2\vial-qmk\keyboards\keycapsss\kimiko\rev1\keymaps\vial\vial.json
D:\GitHub2\vial-qmk\keyboards\keycapsss\kimiko\rev2\keyboard.json,D:\GitHub2\vial-qmk\keyboards\keycapsss\kimiko\rev2\keymaps\vial\vial.json
D:\GitHub2\vial-qmk\keyboards\keyboardio\atreus\keyboard.json,D:\GitHub2\vial-qmk\keyboards\keyboardio\atreus\keymaps\vial\vial.json
D:\GitHub2\vial-qmk\keyboards\keebwerk\nano_slider\keyboard.json,D:\GitHub2\vial-qmk\keyboards\keebwerk\nano_slider\keymaps\vial\vial.json
D:\GitHub2\vial-qmk\keyboards\keebio\bfo9000\keyboard.json,D:\GitHub2\vial-qmk\keyboards\keebio\bfo9000\keymaps\vial\vial.json
D:\GitHub2\vial-qmk\keyboards\keebio\sinc\rev4\keyboard.json,D:\GitHub2\vial-qmk\keyboards\keebio\sinc\rev4\keymaps\vial\vial.json
D:\GitHub2\vial-qmk\keyboards\keebio\quefrency\rev3\keyboard.json,D:\GitHub2\vial-qmk\keyboards\keebio\quefrency\rev3\keymaps\vial\vial.json
D:\GitHub2\vial-qmk\keyboards\keebio\quefrency\rev5\keyboard.json,D:\GitHub2\vial-qmk\keyboards\keebio\quefrency\rev5\keymaps\vial\vial.json
D:\GitHub2\vial-qmk\keyboards\keebio\levinson\rev3\keyboard.json,D:\GitHub2\vial-qmk\keyboards\keebio\levinson\rev3\keymaps\vial\vial.json
D:\GitHub2\vial-qmk\keyboards\keebio\iris\rev2\keyboard.json,D:\GitHub2\vial-qmk\keyboards\keebio\iris\rev2\keymaps\vial\vial.json
D:\GitHub2\vial-qmk\keyboards\keebio\foldkb\rev2_1\keyboard.json,D:\GitHub2\vial-qmk\keyboards\keebio\foldkb\rev2_1\keymaps\vial\vial.json
D:\GitHub2\vial-qmk\keyboards\keebio\bdn9\rev2\keyboard.json,D:\GitHub2\vial-qmk\keyboards\keebio\bdn9\rev2\keymaps\vial\vial.json
D:\GitHub2\vial-qmk\keyboards\keebart\sofle_choc_pro\keyboard.json,D:\GitHub2\vial-qmk\keyboards\keebart\sofle_choc_pro\keymaps\vial\vial.json
D:\GitHub2\vial-qmk\keyboards\kb_elmo\sesame\keyboard.json,D:\GitHub2\vial-qmk\keyboards\kb_elmo\sesame\keymaps\vial\vial.json
D:\GitHub2\vial-qmk\keyboards\kbdfans\dusk67\keyboard.json,D:\GitHub2\vial-qmk\keyboards\kbdfans\dusk67\keymaps\vial\vial.json
D:\GitHub2\vial-qmk\keyboards\kbdfans\kbd75hs\keyboard.json,D:\GitHub2\vial-qmk\keyboards\kbdfans\kbd75hs\keymaps\vial\vial.json
D:\GitHub2\vial-qmk\keyboards\kbdfans\kbd8x\keyboard.json,D:\GitHub2\vial-qmk\keyboards\kbdfans\kbd8x\keymaps\vial\vial.json
D:\GitHub2\vial-qmk\keyboards\kbdfans\maja\keyboard.json,D:\GitHub2\vial-qmk\keyboards\kbdfans\maja\keymaps\vial\vial.json
D:\GitHub2\vial-qmk\keyboards\kbdfans\odin75\keyboard.json,D:\GitHub2\vial-qmk\keyboards\kbdfans\odin75\keymaps\vial\vial.json
D:\GitHub2\vial-qmk\keyboards\kbdfans\odinmini\keyboard.json,D:\GitHub2\vial-qmk\keyboards\kbdfans\odinmini\keymaps\vial\vial.json
D:\GitHub2\vial-qmk\keyboards\kbdfans\tiger80\keyboard.json,D:\GitHub2\vial-qmk\keyboards\kbdfans\tiger80\keymaps\vial\vial.json
D:\GitHub2\vial-qmk\keyboards\kbdfans\kbdpad\mk2\keyboard.json,D:\GitHub2\vial-qmk\keyboards\kbdfans\kbdpad\mk2\keymaps\vial\vial.json
D:\GitHub2\vial-qmk\keyboards\kbdfans\kbd75\rev2\keyboard.json,D:\GitHub2\vial-qmk\keyboards\kbdfans\kbd75\rev2\keymaps\vial\vial.json
D:\GitHub2\vial-qmk\keyboards\kbdfans\kbd67\hotswap\keyboard.json,D:\GitHub2\vial-qmk\keyboards\kbdfans\kbd67\hotswap\keymaps\vial\vial.json
D:\GitHub2\vial-qmk\keyboards\kbdfans\kbd67\mkiirgb_iso\keyboard.json,D:\GitHub2\vial-qmk\keyboards\kbdfans\kbd67\mkiirgb_iso\keymaps\vial\vial.json
D:\GitHub2\vial-qmk\keyboards\kbdfans\kbd67\mkii_soldered\keyboard.json,D:\GitHub2\vial-qmk\keyboards\kbdfans\kbd67\mkii_soldered\keymaps\vial\vial.json
D:\GitHub2\vial-qmk\keyboards\kbdfans\kbd67\rev2\keyboard.json,D:\GitHub2\vial-qmk\keyboards\kbdfans\kbd67\rev2\keymaps\vial\vial.json
D:\GitHub2\vial-qmk\keyboards\kbdfans\kbd67\mkiirgb\v2\keyboard.json,D:\GitHub2\vial-qmk\keyboards\kbdfans\kbd67\mkiirgb\v2\keymaps\vial\vial.json
D:\GitHub2\vial-qmk\keyboards\kbdfans\kbd67\mkiirgb\v3\keyboard.json,D:\GitHub2\vial-qmk\keyboards\kbdfans\kbd67\mkiirgb\v3\keymaps\vial\vial.json
D:\GitHub2\vial-qmk\keyboards\kbdcraft\adam64\keyboard.json,D:\GitHub2\vial-qmk\keyboards\kbdcraft\adam64\keymaps\vial\vial.json
D:\GitHub2\vial-qmk\keyboards\kbd0\curve0\60_ansi\keyboard.json,D:\GitHub2\vial-qmk\keyboards\kbd0\curve0\60_ansi\keymaps\vial\vial.json
D:\GitHub2\vial-qmk\keyboards\kapcave\gskt00\keyboard.json,D:\GitHub2\vial-qmk\keyboards\kapcave\gskt00\keymaps\vial\vial.json
D:\GitHub2\vial-qmk\keyboards\kaly\kaly42\keyboard.json,D:\GitHub2\vial-qmk\keyboards\kaly\kaly42\keymaps\vial\vial.json
D:\GitHub2\vial-qmk\keyboards\jlw\bruce_le_clavier\keyboard.json,D:\GitHub2\vial-qmk\keyboards\jlw\bruce_le_clavier\keymaps\vial\vial.json
D:\GitHub2\vial-qmk\keyboards\jlw\bruce_the_keyboard\keyboard.json,D:\GitHub2\vial-qmk\keyboards\jlw\bruce_the_keyboard\keymaps\vial\vial.json
D:\GitHub2\vial-qmk\keyboards\jlw\vault35_wkl_universal\keyboard.json,D:\GitHub2\vial-qmk\keyboards\jlw\vault35_wkl_universal\keymaps\vial\vial.json
D:\GitHub2\vial-qmk\keyboards\jacky_studio\bear_65\rev2\keyboard.json,D:\GitHub2\vial-qmk\keyboards\jacky_studio\bear_65\rev2\keymaps\vial\vial.json
D:\GitHub2\vial-qmk\keyboards\ivndbt\ows\keyboard.json,D:\GitHub2\vial-qmk\keyboards\ivndbt\ows\keymaps\vial\vial.json
D:\GitHub2\vial-qmk\keyboards\inland\mk47\keyboard.json,D:\GitHub2\vial-qmk\keyboards\inland\mk47\keymaps\vial\vial.json
D:\GitHub2\vial-qmk\keyboards\ilumkb\primus75\keyboard.json,D:\GitHub2\vial-qmk\keyboards\ilumkb\primus75\keymaps\vial\vial.json
D:\GitHub2\vial-qmk\keyboards\idobao\id42\keyboard.json,D:\GitHub2\vial-qmk\keyboards\idobao\id42\keymaps\vial\vial.json
D:\GitHub2\vial-qmk\keyboards\idobao\montex\v1\keyboard.json,D:\GitHub2\vial-qmk\keyboards\idobao\montex\v1\keymaps\vial\vial.json
D:\GitHub2\vial-qmk\keyboards\idobao\montex\v2\keyboard.json,D:\GitHub2\vial-qmk\keyboards\idobao\montex\v2\keymaps\vial\vial.json
D:\GitHub2\vial-qmk\keyboards\idobao\id87\v1\keyboard.json,D:\GitHub2\vial-qmk\keyboards\idobao\id87\v1\keymaps\vial\vial.json
D:\GitHub2\vial-qmk\keyboards\idb\idb_60\keyboard.json,D:\GitHub2\vial-qmk\keyboards\idb\idb_60\keymaps\vial\vial.json
D:\GitHub2\vial-qmk\keyboards\ibm\model_m\modelh\keyboard.json,D:\GitHub2\vial-qmk\keyboards\ibm\model_m\modelh\keymaps\vial\vial.json
D:\GitHub2\vial-qmk\keyboards\horrortroll\chinese_pcb\black_e65\keyboard.json,D:\GitHub2\vial-qmk\keyboards\horrortroll\chinese_pcb\black_e65\keymaps\vial\vial.json
D:\GitHub2\vial-qmk\keyboards\hlb\cantor\keyboard.json,D:\GitHub2\vial-qmk\keyboards\hlb\cantor\keymaps\vial\vial.json
D:\GitHub2\vial-qmk\keyboards\hlb\poorkoi\keyboard.json,D:\GitHub2\vial-qmk\keyboards\hlb\poorkoi\keymaps\vial\vial.json
D:\GitHub2\vial-qmk\keyboards\hlb\hyperbolas\hyp_s\keyboard.json,D:\GitHub2\vial-qmk\keyboards\hlb\hyperbolas\hyp_s\keymaps\vial\vial.json
D:\GitHub2\vial-qmk\keyboards\hineybush\h60\keyboard.json,D:\GitHub2\vial-qmk\keyboards\hineybush\h60\keymaps\vial\vial.json
D:\GitHub2\vial-qmk\keyboards\hineybush\h87a\keyboard.json,D:\GitHub2\vial-qmk\keyboards\hineybush\h87a\keymaps\vial\vial.json
D:\GitHub2\vial-qmk\keyboards\hineybush\h88\keyboard.json,D:\GitHub2\vial-qmk\keyboards\hineybush\h88\keymaps\vial\vial.json
D:\GitHub2\vial-qmk\keyboards\hhkb\yang\keyboard.json,D:\GitHub2\vial-qmk\keyboards\hhkb\yang\keymaps\vial\vial.json
D:\GitHub2\vial-qmk\keyboards\handwired\dactyl_manuform_pi_pico\keyboard.json,D:\GitHub2\vial-qmk\keyboards\handwired\dactyl_manuform_pi_pico\keymaps\vial\vial.json
D:\GitHub2\vial-qmk\keyboards\handwired\franky36\keyboard.json,D:\GitHub2\vial-qmk\keyboards\handwired\franky36\keymaps\vial\vial.json
D:\GitHub2\vial-qmk\keyboards\handwired\jotanck\keyboard.json,D:\GitHub2\vial-qmk\keyboards\handwired\jotanck\keymaps\vial\vial.json
D:\GitHub2\vial-qmk\keyboards\handwired\jotlily60\keyboard.json,D:\GitHub2\vial-qmk\keyboards\handwired\jotlily60\keymaps\vial\vial.json
D:\GitHub2\vial-qmk\keyboards\handwired\misterdeck\keyboard.json,D:\GitHub2\vial-qmk\keyboards\handwired\misterdeck\keymaps\vial\vial.json
D:\GitHub2\vial-qmk\keyboards\handwired\snatchpad\keyboard.json,D:\GitHub2\vial-qmk\keyboards\handwired\snatchpad\keymaps\vial\vial.json
D:\GitHub2\vial-qmk\keyboards\handwired\ziyoulang_k3_mod\keyboard.json,D:\GitHub2\vial-qmk\keyboards\handwired\ziyoulang_k3_mod\keymaps\vial\vial.json
D:\GitHub2\vial-qmk\keyboards\handwired\marek128b\ergosplit44\keyboard.json,D:\GitHub2\vial-qmk\keyboards\handwired\marek128b\ergosplit44\keymaps\vial\vial.json
D:\GitHub2\vial-qmk\keyboards\handwired\dactyl_manuform\5x6\keyboard.json,D:\GitHub2\vial-qmk\keyboards\handwired\dactyl_manuform\5x6\keymaps\vial\vial.json
D:\GitHub2\vial-qmk\keyboards\handwired\dactyl_manuform\5x6_5\keyboard.json,D:\GitHub2\vial-qmk\keyboards\handwired\dactyl_manuform\5x6_5\keymaps\vial\vial.json
D:\GitHub2\vial-qmk\keyboards\handwired\baredev\rev1\keyboard.json,D:\GitHub2\vial-qmk\keyboards\handwired\baredev\rev1\keymaps\vial\vial.json
D:\GitHub2\vial-qmk\keyboards\gray_studio\apollo80\keyboard.json,D:\GitHub2\vial-qmk\keyboards\gray_studio\apollo80\keymaps\vial\vial.json
D:\GitHub2\vial-qmk\keyboards\gray_studio\space65\keyboard.json,D:\GitHub2\vial-qmk\keyboards\gray_studio\space65\keymaps\vial\vial.json
D:\GitHub2\vial-qmk\keyboards\gray_studio\think65\solder\keyboard.json,D:\GitHub2\vial-qmk\keyboards\gray_studio\think65\solder\keymaps\vial\vial.json
D:\GitHub2\vial-qmk\keyboards\gmmk\pro\rev1\ansi\keyboard.json,D:\GitHub2\vial-qmk\keyboards\gmmk\pro\rev1\ansi\keymaps\vial\vial.json
D:\GitHub2\vial-qmk\keyboards\gmmk\pro\rev1\iso\keyboard.json,D:\GitHub2\vial-qmk\keyboards\gmmk\pro\rev1\iso\keymaps\vial\vial.json
D:\GitHub2\vial-qmk\keyboards\gmmk\gmmk2\p96\ansi\keyboard.json,D:\GitHub2\vial-qmk\keyboards\gmmk\gmmk2\p96\ansi\keymaps\vial\vial.json
D:\GitHub2\vial-qmk\keyboards\gmmk\gmmk2\p96\iso\keyboard.json,D:\GitHub2\vial-qmk\keyboards\gmmk\gmmk2\p96\iso\keymaps\vial\vial.json
D:\GitHub2\vial-qmk\keyboards\gmmk\gmmk2\p65\ansi\keyboard.json,D:\GitHub2\vial-qmk\keyboards\gmmk\gmmk2\p65\ansi\keymaps\vial\vial.json
D:\GitHub2\vial-qmk\keyboards\gizmo_engineering\gk6\keyboard.json,D:\GitHub2\vial-qmk\keyboards\gizmo_engineering\gk6\keymaps\vial\vial.json
D:\GitHub2\vial-qmk\keyboards\gh60\revc\keyboard.json,D:\GitHub2\vial-qmk\keyboards\gh60\revc\keymaps\vial\vial.json
D:\GitHub2\vial-qmk\keyboards\gh60\satan\keyboard.json,D:\GitHub2\vial-qmk\keyboards\gh60\satan\keymaps\vial\vial.json
D:\GitHub2\vial-qmk\keyboards\geonworks\frogmini\fmh\keyboard.json,D:\GitHub2\vial-qmk\keyboards\geonworks\frogmini\fmh\keymaps\vial\vial.json
D:\GitHub2\vial-qmk\keyboards\geonworks\frogmini\fms\keyboard.json,D:\GitHub2\vial-qmk\keyboards\geonworks\frogmini\fms\keymaps\vial\vial.json
D:\GitHub2\vial-qmk\keyboards\geigeigeist\totem\keyboard.json,D:\GitHub2\vial-qmk\keyboards\geigeigeist\totem\keymaps\vial\vial.json
D:\GitHub2\vial-qmk\keyboards\geekboards\macropad_v2\keyboard.json,D:\GitHub2\vial-qmk\keyboards\geekboards\macropad_v2\keymaps\vial\vial.json
D:\GitHub2\vial-qmk\keyboards\galile0\glyphkbd_v2\keyboard.json,D:\GitHub2\vial-qmk\keyboards\galile0\glyphkbd_v2\keymaps\vial\vial.json
D:\GitHub2\vial-qmk\keyboards\fruitykeeb\fruitbar\r2\keyboard.json,D:\GitHub2\vial-qmk\keyboards\fruitykeeb\fruitbar\r2\keymaps\vial\vial.json
D:\GitHub2\vial-qmk\keyboards\foostan\cornelius\keyboard.json,D:\GitHub2\vial-qmk\keyboards\foostan\cornelius\keymaps\vial\vial.json
D:\GitHub2\vial-qmk\keyboards\flehrad\bigswitch\keyboard.json,D:\GitHub2\vial-qmk\keyboards\flehrad\bigswitch\keymaps\vial\vial.json
D:\GitHub2\vial-qmk\keyboards\fjlabs\midway60\keyboard.json,D:\GitHub2\vial-qmk\keyboards\fjlabs\midway60\keymaps\vial\vial.json
D:\GitHub2\vial-qmk\keyboards\ferris\0_1\keyboard.json,D:\GitHub2\vial-qmk\keyboards\ferris\0_1\keymaps\vial\vial.json
D:\GitHub2\vial-qmk\keyboards\ferris\sweep\keyboard.json,D:\GitHub2\vial-qmk\keyboards\ferris\sweep\keymaps\vial\vial.json
D:\GitHub2\vial-qmk\keyboards\feker\ik75\keyboard.json,D:\GitHub2\vial-qmk\keyboards\feker\ik75\keymaps\vial\vial.json
D:\GitHub2\vial-qmk\keyboards\eyeohdesigns\babyv\keyboard.json,D:\GitHub2\vial-qmk\keyboards\eyeohdesigns\babyv\keymaps\vial\vial.json
D:\GitHub2\vial-qmk\keyboards\eyeohdesigns\humble40\keyboard.json,D:\GitHub2\vial-qmk\keyboards\eyeohdesigns\humble40\keymaps\vial\vial.json
D:\GitHub2\vial-qmk\keyboards\evyd13\plain60\keyboard.json,D:\GitHub2\vial-qmk\keyboards\evyd13\plain60\keymaps\vial\vial.json
D:\GitHub2\vial-qmk\keyboards\ergodox_ez\base\keyboard.json,D:\GitHub2\vial-qmk\keyboards\ergodox_ez\base\keymaps\vial\vial.json
D:\GitHub2\vial-qmk\keyboards\era\divine\keyboard.json,D:\GitHub2\vial-qmk\keyboards\era\divine\keymaps\vial\vial.json
D:\GitHub2\vial-qmk\keyboards\era\era65\keyboard.json,D:\GitHub2\vial-qmk\keyboards\era\era65\keymaps\vial\vial.json
D:\GitHub2\vial-qmk\keyboards\era\sirind\klein_hs\keyboard.json,D:\GitHub2\vial-qmk\keyboards\era\sirind\klein_hs\keymaps\vial\vial.json
D:\GitHub2\vial-qmk\keyboards\era\sirind\klein_sd\keyboard.json,D:\GitHub2\vial-qmk\keyboards\era\sirind\klein_sd\keymaps\vial\vial.json
D:\GitHub2\vial-qmk\keyboards\era\comm\Riley\keyboard.json,D:\GitHub2\vial-qmk\keyboards\era\comm\Riley\keymaps\vial\vial.json
D:\GitHub2\vial-qmk\keyboards\epomaker\tide65\keyboard.json,D:\GitHub2\vial-qmk\keyboards\epomaker\tide65\keymaps\vial\vial.json
D:\GitHub2\vial-qmk\keyboards\ekow\akira\keyboard.json,D:\GitHub2\vial-qmk\keyboards\ekow\akira\keymaps\vial\vial.json
D:\GitHub2\vial-qmk\keyboards\eggsworks\egg58\keyboard.json,D:\GitHub2\vial-qmk\keyboards\eggsworks\egg58\keymaps\vial\vial.json
D:\GitHub2\vial-qmk\keyboards\dztech\dz60v2\keyboard.json,D:\GitHub2\vial-qmk\keyboards\dztech\dz60v2\keymaps\vial\vial.json
D:\GitHub2\vial-qmk\keyboards\dztech\tofu60\keyboard.json,D:\GitHub2\vial-qmk\keyboards\dztech\tofu60\keymaps\vial\vial.json
D:\GitHub2\vial-qmk\keyboards\dztech\tofu\jr\v1\keyboard.json,D:\GitHub2\vial-qmk\keyboards\dztech\tofu\jr\v1\keymaps\vial\vial.json
D:\GitHub2\vial-qmk\keyboards\dztech\dz60rgb_ansi\v2\keyboard.json,D:\GitHub2\vial-qmk\keyboards\dztech\dz60rgb_ansi\v2\keymaps\vial\vial.json
D:\GitHub2\vial-qmk\keyboards\durgod\dgk6x\venus\keyboard.json,D:\GitHub2\vial-qmk\keyboards\durgod\dgk6x\venus\keymaps\vial\vial.json
D:\GitHub2\vial-qmk\keyboards\dumbpad\v1x_dualencoder\keyboard.json,D:\GitHub2\vial-qmk\keyboards\dumbpad\v1x_dualencoder\keymaps\vial\vial.json
D:\GitHub2\vial-qmk\keyboards\dumbpad\v3x\keyboard.json,D:\GitHub2\vial-qmk\keyboards\dumbpad\v3x\keymaps\vial\vial.json
D:\GitHub2\vial-qmk\keyboards\drop\sense75\keyboard.json,D:\GitHub2\vial-qmk\keyboards\drop\sense75\keymaps\vial\vial.json
D:\GitHub2\vial-qmk\keyboards\drop\thekey\v2\keyboard.json,D:\GitHub2\vial-qmk\keyboards\drop\thekey\v2\keymaps\vial\vial.json
D:\GitHub2\vial-qmk\keyboards\doodboard\duckboard_r2\keyboard.json,D:\GitHub2\vial-qmk\keyboards\doodboard\duckboard_r2\keymaps\vial\vial.json
D:\GitHub2\vial-qmk\keyboards\donutcables\budget96\keyboard.json,D:\GitHub2\vial-qmk\keyboards\donutcables\budget96\keymaps\vial\vial.json
D:\GitHub2\vial-qmk\keyboards\doio\kb03\keyboard.json,D:\GitHub2\vial-qmk\keyboards\doio\kb03\keymaps\vial\vial.json
D:\GitHub2\vial-qmk\keyboards\doio\kb04\keyboard.json,D:\GitHub2\vial-qmk\keyboards\doio\kb04\keymaps\vial\vial.json
D:\GitHub2\vial-qmk\keyboards\doio\kb12\keyboard.json,D:\GitHub2\vial-qmk\keyboards\doio\kb12\keymaps\vial\vial.json
D:\GitHub2\vial-qmk\keyboards\doio\kb30\keyboard.json,D:\GitHub2\vial-qmk\keyboards\doio\kb30\keymaps\vial\vial.json
D:\GitHub2\vial-qmk\keyboards\doio\kb16\rev2\keyboard.json,D:\GitHub2\vial-qmk\keyboards\doio\kb16\rev2\keymaps\vial\vial.json
D:\GitHub2\vial-qmk\keyboards\dmqdesign\spin\keyboard.json,D:\GitHub2\vial-qmk\keyboards\dmqdesign\spin\keymaps\vial\vial.json
D:\GitHub2\vial-qmk\keyboards\dm9records\plaid\keyboard.json,D:\GitHub2\vial-qmk\keyboards\dm9records\plaid\keymaps\vial\vial.json
D:\GitHub2\vial-qmk\keyboards\dlip\haritev2\dual_cirque\keyboard.json,D:\GitHub2\vial-qmk\keyboards\dlip\haritev2\dual_cirque\keymaps\vial\vial.json
D:\GitHub2\vial-qmk\keyboards\cxt_studio\12e3\keyboard.json,D:\GitHub2\vial-qmk\keyboards\cxt_studio\12e3\keymaps\vial\vial.json
D:\GitHub2\vial-qmk\keyboards\cutie_club\fidelity\keyboard.json,D:\GitHub2\vial-qmk\keyboards\cutie_club\fidelity\keymaps\vial\vial.json
D:\GitHub2\vial-qmk\keyboards\coseyfannitutti\discipline\keyboard.json,D:\GitHub2\vial-qmk\keyboards\coseyfannitutti\discipline\keymaps\vial\vial.json
D:\GitHub2\vial-qmk\keyboards\coseyfannitutti\mysterium\keyboard.json,D:\GitHub2\vial-qmk\keyboards\coseyfannitutti\mysterium\keymaps\vial\vial.json
D:\GitHub2\vial-qmk\keyboards\coseyfannitutti\romeo\keyboard.json,D:\GitHub2\vial-qmk\keyboards\coseyfannitutti\romeo\keymaps\vial\vial.json
D:\GitHub2\vial-qmk\keyboards\controllerworks\mini36\keyboard.json,D:\GitHub2\vial-qmk\keyboards\controllerworks\mini36\keymaps\vial\vial.json
D:\GitHub2\vial-qmk\keyboards\controllerworks\mini42\keyboard.json,D:\GitHub2\vial-qmk\keyboards\controllerworks\mini42\keymaps\vial\vial.json
D:\GitHub2\vial-qmk\keyboards\chill\ghoul\keyboard.json,D:\GitHub2\vial-qmk\keyboards\chill\ghoul\keymaps\vial\vial.json
D:\GitHub2\vial-qmk\keyboards\chickenman\ciel\keyboard.json,D:\GitHub2\vial-qmk\keyboards\chickenman\ciel\keymaps\vial\vial.json
D:\GitHub2\vial-qmk\keyboards\cherrybstudio\cb87rgb\keyboard.json,D:\GitHub2\vial-qmk\keyboards\cherrybstudio\cb87rgb\keymaps\vial\vial.json
D:\GitHub2\vial-qmk\keyboards\checkerboards\g_idb60\keyboard.json,D:\GitHub2\vial-qmk\keyboards\checkerboards\g_idb60\keymaps\vial\vial.json
D:\GitHub2\vial-qmk\keyboards\checkerboards\nop60\keyboard.json,D:\GitHub2\vial-qmk\keyboards\checkerboards\nop60\keymaps\vial\vial.json
D:\GitHub2\vial-qmk\keyboards\checkerboards\quark\keyboard.json,D:\GitHub2\vial-qmk\keyboards\checkerboards\quark\keymaps\vial\vial.json
D:\GitHub2\vial-qmk\keyboards\cbkbd\acai\keyboard.json,D:\GitHub2\vial-qmk\keyboards\cbkbd\acai\keymaps\vial\vial.json
D:\GitHub2\vial-qmk\keyboards\cbkbd\coffeevan\keyboard.json,D:\GitHub2\vial-qmk\keyboards\cbkbd\coffeevan\keymaps\vial\vial.json
D:\GitHub2\vial-qmk\keyboards\capsunlocked\cu65\keyboard.json,D:\GitHub2\vial-qmk\keyboards\capsunlocked\cu65\keymaps\vial\vial.json
D:\GitHub2\vial-qmk\keyboards\capsunlocked\cu7\keyboard.json,D:\GitHub2\vial-qmk\keyboards\capsunlocked\cu7\keymaps\vial\vial.json
D:\GitHub2\vial-qmk\keyboards\cannonkeys\an_c\keyboard.json,D:\GitHub2\vial-qmk\keyboards\cannonkeys\an_c\keymaps\vial\vial.json
D:\GitHub2\vial-qmk\keyboards\cannonkeys\balance\keyboard.json,D:\GitHub2\vial-qmk\keyboards\cannonkeys\balance\keymaps\vial\vial.json
D:\GitHub2\vial-qmk\keyboards\cannonkeys\bastion60\keyboard.json,D:\GitHub2\vial-qmk\keyboards\cannonkeys\bastion60\keymaps\vial\vial.json
D:\GitHub2\vial-qmk\keyboards\cannonkeys\cloudline\keyboard.json,D:\GitHub2\vial-qmk\keyboards\cannonkeys\cloudline\keymaps\vial\vial.json
D:\GitHub2\vial-qmk\keyboards\cannonkeys\instant60\keyboard.json,D:\GitHub2\vial-qmk\keyboards\cannonkeys\instant60\keymaps\vial\vial.json
D:\GitHub2\vial-qmk\keyboards\cannonkeys\instant65\keyboard.json,D:\GitHub2\vial-qmk\keyboards\cannonkeys\instant65\keymaps\vial\vial.json
D:\GitHub2\vial-qmk\keyboards\cannonkeys\leviatan\keyboard.json,D:\GitHub2\vial-qmk\keyboards\cannonkeys\leviatan\keymaps\vial\vial.json
D:\GitHub2\vial-qmk\keyboards\cannonkeys\moment_hs\keyboard.json,D:\GitHub2\vial-qmk\keyboards\cannonkeys\moment_hs\keymaps\vial\vial.json
D:\GitHub2\vial-qmk\keyboards\cannonkeys\onyx\keyboard.json,D:\GitHub2\vial-qmk\keyboards\cannonkeys\onyx\keymaps\vial\vial.json
D:\GitHub2\vial-qmk\keyboards\cannonkeys\rekt1800\keyboard.json,D:\GitHub2\vial-qmk\keyboards\cannonkeys\rekt1800\keymaps\vial\vial.json
D:\GitHub2\vial-qmk\keyboards\cannonkeys\savage65\keyboard.json,D:\GitHub2\vial-qmk\keyboards\cannonkeys\savage65\keymaps\vial\vial.json
D:\GitHub2\vial-qmk\keyboards\cannonkeys\vicious40\keyboard.json,D:\GitHub2\vial-qmk\keyboards\cannonkeys\vicious40\keymaps\vial\vial.json
D:\GitHub2\vial-qmk\keyboards\cablecardesigns\phoenix\keyboard.json,D:\GitHub2\vial-qmk\keyboards\cablecardesigns\phoenix\keymaps\vial\vial.json
D:\GitHub2\vial-qmk\keyboards\cablecardesigns\cypher\rev6\keyboard.json,D:\GitHub2\vial-qmk\keyboards\cablecardesigns\cypher\rev6\keymaps\vial\vial.json
D:\GitHub2\vial-qmk\keyboards\b_sides\rev41lp\keyboard.json,D:\GitHub2\vial-qmk\keyboards\b_sides\rev41lp\keymaps\vial\vial.json
D:\GitHub2\vial-qmk\keyboards\bolsa\bolsalice\keyboard.json,D:\GitHub2\vial-qmk\keyboards\bolsa\bolsalice\keymaps\vial\vial.json
D:\GitHub2\vial-qmk\keyboards\boardsource\3x4\keyboard.json,D:\GitHub2\vial-qmk\keyboards\boardsource\3x4\keymaps\vial\vial.json
D:\GitHub2\vial-qmk\keyboards\boardsource\unicorne\keyboard.json,D:\GitHub2\vial-qmk\keyboards\boardsource\unicorne\keymaps\vial\vial.json
D:\GitHub2\vial-qmk\keyboards\bioi\f60\keyboard.json,D:\GitHub2\vial-qmk\keyboards\bioi\f60\keymaps\vial\vial.json
D:\GitHub2\vial-qmk\keyboards\binepad\bn006\keyboard.json,D:\GitHub2\vial-qmk\keyboards\binepad\bn006\keymaps\vial\vial.json
D:\GitHub2\vial-qmk\keyboards\binepad\kn01\keyboard.json,D:\GitHub2\vial-qmk\keyboards\binepad\kn01\keymaps\vial\vial.json
D:\GitHub2\vial-qmk\keyboards\beekeeb\piantor\keyboard.json,D:\GitHub2\vial-qmk\keyboards\beekeeb\piantor\keymaps\vial\vial.json
D:\GitHub2\vial-qmk\keyboards\bachoo\x88\keyboard.json,D:\GitHub2\vial-qmk\keyboards\bachoo\x88\keymaps\vial\vial.json
D:\GitHub2\vial-qmk\keyboards\avalanche\v4\keyboard.json,D:\GitHub2\vial-qmk\keyboards\avalanche\v4\keymaps\vial\vial.json
D:\GitHub2\vial-qmk\keyboards\argo_works\ishi\80\mk0_avr\keyboard.json,D:\GitHub2\vial-qmk\keyboards\argo_works\ishi\80\mk0_avr\keymaps\vial\vial.json
D:\GitHub2\vial-qmk\keyboards\argo_works\ishi\80\mk0_avr_extra\keyboard.json,D:\GitHub2\vial-qmk\keyboards\argo_works\ishi\80\mk0_avr_extra\keymaps\vial\vial.json
D:\GitHub2\vial-qmk\keyboards\archerkeyboard\desire65\keyboard.json,D:\GitHub2\vial-qmk\keyboards\archerkeyboard\desire65\keymaps\vial\vial.json
D:\GitHub2\vial-qmk\keyboards\amjkeyboard\amj40\keyboard.json,D:\GitHub2\vial-qmk\keyboards\amjkeyboard\amj40\keymaps\vial\vial.json
D:\GitHub2\vial-qmk\keyboards\alko\cantordeon\keyboard.json,D:\GitHub2\vial-qmk\keyboards\alko\cantordeon\keymaps\vial\vial.json
D:\GitHub2\vial-qmk\keyboards\akko\5108\keyboard.json,D:\GitHub2\vial-qmk\keyboards\akko\5108\keymaps\vial\vial.json
D:\GitHub2\vial-qmk\keyboards\akko\acr87\keyboard.json,D:\GitHub2\vial-qmk\keyboards\akko\acr87\keymaps\vial\vial.json
D:\GitHub2\vial-qmk\keyboards\akko\top40\keyboard.json,D:\GitHub2\vial-qmk\keyboards\akko\top40\keymaps\vial\vial.json
D:\GitHub2\vial-qmk\keyboards\aki27\cocot46plus\keyboard.json,D:\GitHub2\vial-qmk\keyboards\aki27\cocot46plus\keymaps\vial\vial.json
D:\GitHub2\vial-qmk\keyboards\akb\ogr\keyboard.json,D:\GitHub2\vial-qmk\keyboards\akb\ogr\keymaps\vial\vial.json
D:\GitHub2\vial-qmk\keyboards\akb\vero\keyboard.json,D:\GitHub2\vial-qmk\keyboards\akb\vero\keymaps\vial\vial.json
D:\GitHub2\vial-qmk\keyboards\aidansmithdotdev\fine40\keyboard.json,D:\GitHub2\vial-qmk\keyboards\aidansmithdotdev\fine40\keymaps\vial\vial.json
D:\GitHub2\vial-qmk\keyboards\ai03\altair\keyboard.json,D:\GitHub2\vial-qmk\keyboards\ai03\altair\keymaps\vial\vial.json
D:\GitHub2\vial-qmk\keyboards\ai03\altair_x\keyboard.json,D:\GitHub2\vial-qmk\keyboards\ai03\altair_x\keymaps\vial\vial.json
D:\GitHub2\vial-qmk\keyboards\ai03\soyuz\keyboard.json,D:\GitHub2\vial-qmk\keyboards\ai03\soyuz\keymaps\vial\vial.json
D:\GitHub2\vial-qmk\keyboards\ai03\vega\keyboard.json,D:\GitHub2\vial-qmk\keyboards\ai03\vega\keymaps\vial\vial.json
D:\GitHub2\vial-qmk\keyboards\adafruit\macropad\keyboard.json,D:\GitHub2\vial-qmk\keyboards\adafruit\macropad\keymaps\vial\vial.json
D:\GitHub2\vial-qmk\keyboards\acheron\austin\keyboard.json,D:\GitHub2\vial-qmk\keyboards\acheron\austin\keymaps\vial\vial.json
D:\GitHub2\vial-qmk\keyboards\acheron\elongate\delta\keyboard.json,D:\GitHub2\vial-qmk\keyboards\acheron\elongate\delta\keymaps\vial\vial.json
D:\GitHub2\vial-qmk\keyboards\4pplet\waffling60\rev_c\keyboard.json,D:\GitHub2\vial-qmk\keyboards\4pplet\waffling60\rev_c\keymaps\vial\vial.json
D:\GitHub2\vial-qmk\keyboards\4pplet\waffling60\rev_d\keyboard.json,D:\GitHub2\vial-qmk\keyboards\4pplet\waffling60\rev_d\keymaps\vial\vial.json
D:\GitHub2\vial-qmk\keyboards\4pplet\waffling60\rev_d_ansi\keyboard.json,D:\GitHub2\vial-qmk\keyboards\4pplet\waffling60\rev_d_ansi\keymaps\vial\vial.json
D:\GitHub2\vial-qmk\keyboards\40percentclub\4x4\keyboard.json,D:\GitHub2\vial-qmk\keyboards\40percentclub\4x4\keymaps\vial\vial.json
D:\GitHub2\vial-qmk\keyboards\1upkeyboards\pi60\keyboard.json,D:\GitHub2\vial-qmk\keyboards\1upkeyboards\pi60\keymaps\vial\vial.json
D:\GitHub2\vial-qmk\keyboards\1upkeyboards\pi60_hse\keyboard.json,D:\GitHub2\vial-qmk\keyboards\1upkeyboards\pi60_hse\keymaps\vial\vial.json
D:\GitHub2\vial-qmk\keyboards\1upkeyboards\pi60_rgb_v2\keyboard.json,D:\GitHub2\vial-qmk\keyboards\1upkeyboards\pi60_rgb_v2\keymaps\vial\vial.json
D:\GitHub2\vial-qmk\keyboards\1upkeyboards\super16v2\keyboard.json,D:\GitHub2\vial-qmk\keyboards\1upkeyboards\super16v2\keymaps\vial\vial.json
