Query,Qty,Manufacturer,MPN,Octopart URL,Part Description,Description,Schematic Reference,Internal Part Number,Lifecycle,Lead Time,RoHS,Total Qty (@ Batch Size: 1),SKU,Packaging,Unit Price (@ Batch Size: 1),In Stock,MOQ,URL,Distributor [Lowest Price (Preferred Distributors)],SKU [Lowest Price (Preferred Distributors)],Packaging [Lowest Price (Preferred Distributors)],Unit Price (@ Batch Size: 1) [Lowest Price (Preferred Distributors)],Line Total [Lowest Price (Preferred Distributors)],Batch Total [Lowest Price (Preferred Distributors)],In Stock [Lowest Price (Preferred Distributors)],MOQ [Lowest Price (Preferred Distributors)],URL [Lowest Price (Preferred Distributors)],Notes
,,,,,,,,,,,,,Mouser,Mouser,Mouser,Mouser,Mouser,Mouser,,,,,,,,,,
ATMEGA328P-PU,1,Microchip,ATMEGA328P-PU,https://octopart.com/atmega328p-pu-microchip-77760288,8-bit Microcontrollers - MCU,atmega328p-pu,,,Production,6w,Compliant,1,556-ATMEGA328P-PU,Tube,2.89,13732,1,https://octopart.com/opatz8j6/a1?t=YiwOLYlz4jHe4-ap9soDV_m59S9vCPi6hiIjWbgh939jmxX0ZqT4UrKYx9A9A1wrBa7CGgp1KRTu5dUNXO2lkf0VZCC_cC-2Q9u2rNy6RtfURTSFOqMCdj3tkPAh6wA6ur6PVDUfhW2_ZTKoftCkE9cHgymqb03dHUizEftAlIwVOZDc8BbFwXG7_s-M3U3IgNh5oDOCo81ZblpA_-6M4ONA1fCHefXaPVBmkD-5EM0xjnOx_h7qwLc6mXh-paOxgOYPeNTeJojNXwTIuP38_6fJSc7T,Mouser,556-ATMEGA328P-PU,Tube,2.89,2.89,2.89,13732,1,https://octopart.com/opatz8j6/a1?t=YiwOLYlz4jHe4-ap9soDV_m59S9vCPi6hiIjWbgh939jmxX0ZqT4UrKYx9A9A1wrBa7CGgp1KRTu5dUNXO2lkf0VZCC_cC-2Q9u2rNy6RtfURTSFOqMCdj3tkPAh6wA6ur6PVDUfhW2_ZTKoftCkE9cHgymqb03dHUizEftAlIwVOZDc8BbFwXG7_s-M3U3IgNh5oDOCo81ZblpA_-6M4ONA1fCHefXaPVBmkD-5EM0xjnOx_h7qwLc6mXh-paOxgOYPeNTeJojNXwTIuP38_6fJSc7T,
1734753-1,1,TE Connectivity,1734753-1,,,mini usb type b through hole,,,,,1,,,,,,,,,,,,,,,,
LTL-4222,1,Lite-On,LTL-4222,https://octopart.com/ltl-4222-lite-on-869424,LED Red 3mm,3mm led red,,,,12w,Compliant,1,859-LTL-4222,Bulk,0.19,7125,1,https://octopart.com/opatz8j6/a1?t=sFP0ZgUxXEvZgxgBnObaKYxv15w2sRuoBbIos7XFSO4qqwieog1gdxal-_fVT2pwc_Wn82GbP_ePuE3EF14zwmogUTCsIhBAJNUYwSNiD7o3fTPlOcZNZJJyHLQTMrQ5CSF90qj4S3K-icc9ux5g5ieSuKQn-mh4a0VMrLbzvcJKSkc0oIhVrPqcnhCdKlWyrJWkuvecsdMXLIWkXlgauM3Y-fZvwI_Ovaq7gPQdEIYzOxHbQzpw43qvCseCjAwMhNDlQHhnr_9EXZwXoTLrJTvq8Q,Mouser,859-LTL-4222,Bulk,0.19,0.19,0.19,7125,1,https://octopart.com/opatz8j6/a1?t=sFP0ZgUxXEvZgxgBnObaKYxv15w2sRuoBbIos7XFSO4qqwieog1gdxal-_fVT2pwc_Wn82GbP_ePuE3EF14zwmogUTCsIhBAJNUYwSNiD7o3fTPlOcZNZJJyHLQTMrQ5CSF90qj4S3K-icc9ux5g5ieSuKQn-mh4a0VMrLbzvcJKSkc0oIhVrPqcnhCdKlWyrJWkuvecsdMXLIWkXlgauM3Y-fZvwI_Ovaq7gPQdEIYzOxHbQzpw43qvCseCjAwMhNDlQHhnr_9EXZwXoTLrJTvq8Q,
WP7113GT,1,Kingbright,WP7113GT,,,3mm led green through hole,,,,,1,,,,,,,,,,,,,,,,
CFR-25JR-52-1K5,1,Yageo,CFR-25JR-52-1K5,,,1.5k ohm 1/4w carbon film,,,,,1,,,,,,,,,,,,,,,,
CFR-25JR-52-10K,1,Yageo,CFR-25JR-52-10K,,,10k ohm 1/4w carbon film,,,,,1,,,,,,,,,,,,,,,,
CFR-25JR-52-1K,2,Yageo,CFR-25JR-52-1K,,,1k ohm 1/4w carbon film,,,,,2,,,,,,,,,,,,,,,,
CFR-25JR-52-68R,2,Yageo,CFR-25JR-52-68R,,,68 ohm 1/4w carbon film,,,,,2,,,,,,,,,,,,,,,,
RXEF010S,1,Littelfuse,RXEF010S,,,100mA polyfuse 60v radial,,,,,1,,,,,,,,,,,,,,,,
1-2199299-3,1,TE Connectivity,1-2199299-3,,,28 pin dip socket narrow,,,,,1,,,,,,,,,,,,,,,,
J49SMH-A-G-G-K-12M0,1,Jauch,J49SMH-A-G-G-K-12M0,,,12mhz crystal hc-49s,,,,,1,,,,,,,,,,,,,,,,
TZX3V6A-TR,2,Vishay,TZX3V6A-TR,https://octopart.com/tzx3v6a-tr-vishay-41954837,Zener Diode 3.6V,zener diode (3.6v),,,,10w,Compliant,2,78-TZX3V6A,Tape & Reel,0.1,49242,1,https://octopart.com/opatz8j6/a1?t=rPHU8MEr7OsR06swzDzxv6XqOXC3Yur7kjxLKjzSRSjzTDd3H_J3cJZc3aO4Bfyblre4J3A0zXmxpUZGP5cc3l3R9yo1PIfGLabMZswe6eV2mo2dKGUj-Mk7OrX4qCtEtIiuWHYicy0P8iRCUvqM4W8R46fsr4tn-iooEc9gpYnQmL_g-OeykL9-n4wk5pBH65Py4Fb0HJ9pNH-XWpRIrD4R1sDpul9AAL1L88dfjttNFgpjhKCwoswX3nbOPCPhmYAU4sHqlinZjNmr-yUcsE5Uqaql,Mouser,78-TZX3V6A,Tape & Reel,0.1,0.2,0.2,49242,1,https://octopart.com/opatz8j6/a1?t=rPHU8MEr7OsR06swzDzxv6XqOXC3Yur7kjxLKjzSRSjzTDd3H_J3cJZc3aO4Bfyblre4J3A0zXmxpUZGP5cc3l3R9yo1PIfGLabMZswe6eV2mo2dKGUj-Mk7OrX4qCtEtIiuWHYicy0P8iRCUvqM4W8R46fsr4tn-iooEc9gpYnQmL_g-OeykL9-n4wk5pBH65Py4Fb0HJ9pNH-XWpRIrD4R1sDpul9AAL1L88dfjttNFgpjhKCwoswX3nbOPCPhmYAU4sHqlinZjNmr-yUcsE5Uqaql,
RDER71H104K0M1H03A,1,Murata,RDER71H104K0M1H03A,https://octopart.com/rder71h104k0m1h03a-murata-38816908,Ceramic Capacitor 0.1uF,0.1uF capacitor,,,Production,11w,Compliant,1,81-RDER71H104K0M1H3A,Ammo Pack,0.46,208,1,https://octopart.com/opatz8j6/a1?t=KJuttOjyY7ni-C_zKXYjSnqegRF-U81T2or7rmAqvLhMMmGAkIUUcy4F6tu5iQTlu_uNRwQvmyNSowov2Rr-hR7LB0W7auxh6xr7ISFa3Lqwla3kd1R1cyV_0dMPee3ToD6Cf-b_oMLaxZ9AQbrZ5aBimcWbAENhroEC4rCR0L5JkwgKUK0NtTWoB8EMKUtfc2R-NIwKPCBkk6ZyvqEQkQ8kZSvDsu8VaeF4K9_uJgfizWYx_RKnvYFEngk-B-mbFVM7oFTuZczeXBM31wcTwPBZxccU,Mouser,81-RDER71H104K0M1H3A,Ammo Pack,0.46,0.46,0.46,208,1,https://octopart.com/opatz8j6/a1?t=KJuttOjyY7ni-C_zKXYjSnqegRF-U81T2or7rmAqvLhMMmGAkIUUcy4F6tu5iQTlu_uNRwQvmyNSowov2Rr-hR7LB0W7auxh6xr7ISFa3Lqwla3kd1R1cyV_0dMPee3ToD6Cf-b_oMLaxZ9AQbrZ5aBimcWbAENhroEC4rCR0L5JkwgKUK0NtTWoB8EMKUtfc2R-NIwKPCBkk6ZyvqEQkQ8kZSvDsu8VaeF4K9_uJgfizWYx_RKnvYFEngk-B-mbFVM7oFTuZczeXBM31wcTwPBZxccU,
RCE5C2A220J0A2H03B,2,Murata,RCE5C2A220J0A2H03B,https://octopart.com/rce5c2a220j0a2h03b-murata-30233632,Cap Ceramic 22pF,22pF capacitor,,,Production,12w,Compliant,2,81-RCE5C2A220J0A2H3B,Bulk,0.45,1538,1,https://octopart.com/opatz8j6/a1?t=kcE96MmjKaHU8xuRm3P4AaTbWLiAwHtnd3sUGfI34lNw4Duvpvtxbl8SQPdEu0xq9ihYn934bXY8WQzOPd_qz6FQea_3r_MIUs-WTrlLD-9KKg4yfPZeVi76vMyv9irWnTA5JSdor2zc7GpRgJjiNo6i3alg8uZFqFIyLqU4VOruLXI7yT2YY7IC_aobwnyeDHVgC9DFdZZaV1Tz6g7ElXcYT6imWH1GAA9aIvFD5chNAUY7HalQaMmgKhGK-L_OnT6AEDChgQBqp52XQeHFVzUg1IIC,Mouser,81-RCE5C2A220J0A2H3B,Bulk,0.45,0.9,0.9,1538,1,https://octopart.com/opatz8j6/a1?t=kcE96MmjKaHU8xuRm3P4AaTbWLiAwHtnd3sUGfI34lNw4Duvpvtxbl8SQPdEu0xq9ihYn934bXY8WQzOPd_qz6FQea_3r_MIUs-WTrlLD-9KKg4yfPZeVi76vMyv9irWnTA5JSdor2zc7GpRgJjiNo6i3alg8uZFqFIyLqU4VOruLXI7yT2YY7IC_aobwnyeDHVgC9DFdZZaV1Tz6g7ElXcYT6imWH1GAA9aIvFD5chNAUY7HalQaMmgKhGK-L_OnT6AEDChgQBqp52XQeHFVzUg1IIC,
MJTP1230A,2,APEM,MJTP1230A,https://octopart.com/mjtp1230a-apem-912864,Switch Tactile 6x6x5mm,6x6x5mm pushbutton,,,,5w,Compliant,2,642-MJTP1230A,Bulk,0.33,3045,1,https://octopart.com/opatz8j6/a1?t=7tSSFz8CGlbZTNV-pXE7KlxG14hAtQtNiRJoQERVlTqAKDMcSSYCXDxJTGT_0R2b2IVxiqfd4rzmfpeM93QWcU9YTE099ZCQkoLwGF2eqfWFnIfVSd8WF4wG6bySVs0Izu2tzDiQMehwHV_hqS4oHeICglmXruDkBnTPyhHF21RocC28uNmf_poN6RBvSUMkC4IcRPU7L7OBh7Xu--YSwcwtj754ea1Qdf4Ux84orlqANY0R6NCG1kD7wzifb26BYg,Mouser,642-MJTP1230A,Bulk,0.33,0.66,0.66,3045,1,https://octopart.com/opatz8j6/a1?t=7tSSFz8CGlbZTNV-pXE7KlxG14hAtQtNiRJoQERVlTqAKDMcSSYCXDxJTGT_0R2b2IVxiqfd4rzmfpeM93QWcU9YTE099ZCQkoLwGF2eqfWFnIfVSd8WF4wG6bySVs0Izu2tzDiQMehwHV_hqS4oHeICglmXruDkBnTPyhHF21RocC28uNmf_poN6RBvSUMkC4IcRPU7L7OBh7Xu--YSwcwtj754ea1Qdf4Ux84orlqANY0R6NCG1kD7wzifb26BYg,
ESK475M016AC3AA,1,Kemet,ESK475M016AC3AA,,,4.7uF 16V electrolytic capacitor,,,,,1,,,,,,,,,,,,,,,,
1N4148TR,66,onsemi,1N4148TR,https://octopart.com/1n4148tr-onsemi-84323125,Rectifier Diode 1N4148,1n4148 diode,,,Production,8w,Compliant,66,512-1N4148TR,Tape & Reel,0.041,352795,1,https://octopart.com/opatz8j6/a1?t=pOgUKmEHMeJmTyHJ0y688yaD5LMI1m_TkjZQWrc0pBGnUnsKaqda-bjoaPOAQpI88jBeSFzBGBiDp_ooiU9zbg4xviz3eI_OT_bQ3StMhq9cc42KgbCrrjuI4B6THR6Q9J8f3AWBjkJAgcE7mUssw3klaRQI-_rMXTP76tkVY8AupsQJayXyntbmi3s-Hs63M_Oh7FDfkqhcDPgAwPSSe1CTjzzCfp5M0BRu1ZzkHJpw7lx6P-YmYD9VZoj2mRmHK-zT1zhHC0DEEalkSRqZJhdJAF2Y,Mouser,512-1N4148TR,Tape & Reel,0.041,2.706,2.706,352795,1,https://octopart.com/opatz8j6/a1?t=pOgUKmEHMeJmTyHJ0y688yaD5LMI1m_TkjZQWrc0pBGnUnsKaqda-bjoaPOAQpI88jBeSFzBGBiDp_ooiU9zbg4xviz3eI_OT_bQ3StMhq9cc42KgbCrrjuI4B6THR6Q9J8f3AWBjkJAgcE7mUssw3klaRQI-_rMXTP76tkVY8AupsQJayXyntbmi3s-Hs63M_Oh7FDfkqhcDPgAwPSSe1CTjzzCfp5M0BRu1ZzkHJpw7lx6P-YmYD9VZoj2mRmHK-zT1zhHC0DEEalkSRqZJhdJAF2Y,
68602-406HLF,1,Amphenol,68602-406HLF,,,2x3 pin header 2.54mm,,,,,1,,,,,,,,,,,,,,,,
