Query,Qty,Manufacturer,MPN,Octopart URL,Part Description,Schematic Reference,Internal Part Number,Lifecycle,Lead Time,RoHS,Total Qty (@ Batch Size: 1),SKU,Packaging,"Target Unit Price, $",In Stock,MOQ,URL,Distributor [Lowest Price (Preferred Distributors)],SKU [Lowest Price (Preferred Distributors)],Packaging [Lowest Price (Preferred Distributors)],Unit Price (@ Batch Size: 1) [Lowest Price (Preferred Distributors)],Line Total [Lowest Price (Preferred Distributors)],Batch Total [Lowest Price (Preferred Distributors)],In Stock [Lowest Price (Preferred Distributors)],MOQ [Lowest Price (Preferred Distributors)],URL [Lowest Price (Preferred Distributors)],Notes,Original Part,Original Manufacturer,Matched Part Number,Matched Manufacturer,Part Match,Description,Internal Part Number,Qty,Selected Offers,Selected Distributor,Selected Distributor SKU,Selected Offers (Distributor Link),Stock,"Unit Price, $",Total Quantity,Total Price
ATMEGA328P-PU,1,Microchip,ATMEGA328P-PU,https://octopart.com/atmega328p-pu-microchip-77760288,8-bit Microcontrollers - MCU,,,Production,6w,Compliant,1,556-ATMEGA328P-PU,Tube,2.89,13732,1,https://octopart.com/opatz8j6/a1?t=YiwOLYlz4jHe4-ap9soDV_m59S9vCPi6hiIjWbgh939jmxX0ZqT4UrKYx9A9A1wrBa7CGgp1KRTu5dUNXO2lkf0VZCC_cC-2Q9u2rNy6RtfURTSFOqMCdj3tkPAh6wA6ur6PVDUfhW2_ZTKoftCkE9cHgymqb03dHUizEftAlIwVOZDc8BbFwXG7_s-M3U3IgNh5oDOCo81ZblpA_-6M4ONA1fCHefXaPVBmkD-5EM0xjnOx_h7qwLc6mXh-paOxgOYPeNTeJojNXwTIuP38_6fJSc7T,Mouser,556-ATMEGA328P-PU,Tube,2.89,2.89,2.89,13732,1,https://octopart.com/opatz8j6/a1?t=YiwOLYlz4jHe4-ap9soDV_m59S9vCPi6hiIjWbgh939jmxX0ZqT4UrKYx9A9A1wrBa7CGgp1KRTu5dUNXO2lkf0VZCC_cC-2Q9u2rNy6RtfURTSFOqMCdj3tkPAh6wA6ur6PVDUfhW2_ZTKoftCkE9cHgymqb03dHUizEftAlIwVOZDc8BbFwXG7_s-M3U3IgNh5oDOCo81ZblpA_-6M4ONA1fCHefXaPVBmkD-5EM0xjnOx_h7qwLc6mXh-paOxgOYPeNTeJojNXwTIuP38_6fJSc7T,,ATMEGA328P-PU,Microchip,ATMEGA328P-PU,Microchip,Exact,"Microchip - ATMEGA328P-PU - Microcontroller Mcu, 8 Bit, Atmega, 20MHZ, DIP-28",,1,Newark 68T2944,Newark,68T2944,https://octopart.com/opatz8j6/a1?t=Gc161cC_PQlY5m1KOOpEOnF7E9oPhYBEair-lE5Ab7j0-Yz0ngqEjGQgtD1fVmGrLhQRkaL1pD43lSbO1dFsPJXSE4oF24nOmVX-SfufYk1rDIGNZNOq8vfUivQB_rwXUA-350Kb0XHkc9aBHpcUlTeaHQ6Iq2afH-mRakQfyQ8p4L2dREpsYDlOYnJVoGLUq0xtg3BUNZ8NM5n3uQF8NT3IGK95eBVYjypGqHGbaTFbLUyZ9i_Rpc01lPgaCq3JVOl6gWd-1U0QAvI2OcHpUa87GKa6,2003,2.77,1,2.77
1734753-1,1,TE Connectivity,1734753-1,,,,,,,1,,,,,,,,,,,,,,,,,,1734753-1,TE Connectivity,1734753-1,TE Connectivity,Exact,"USB Connector, Mini USB Type B, USB 2.0, Receptacle, 5 Ways, Through Hole Mount, Vertical",,1,Avnet 1734753-1,Avnet,1734753-1,https://octopart.com/opatz8j6/a1?t=Nz8o7sL5VfpaEdBELyl_aTTr_Q1R4Rs_nKS6FPwMmlXKIiQWQKw9PFWe31RcsgUkF3zGXzkx4MbjOx16_FVYRaOYTIDpthcai0EqQJpvrSnrLSX9LmSXjnvJcQDuqXe0NVzxFUnsQpMoU1iIIWWYBqqadwjKJlWO_-XeX6gs1yTPvtHgX9qxy11vi0oL4LUVSbPPMNz3hdifz_OzHH4Yzk6NB0rcBy1fRC02gMOXlevx9s139cfMPWtNaPa80PZl2hZ-yUHd3n13vUjROxF2CM2tdn_9,50399,0.98624,1,0.98624
LTL-4222,1,Lite-On,LTL-4222,https://octopart.com/ltl-4222-lite-on-869424,LED Red 3mm,,,,12w,Compliant,1,859-LTL-4222,Bulk,0.19,7125,1,https://octopart.com/opatz8j6/a1?t=sFP0ZgUxXEvZgxgBnObaKYxv15w2sRuoBbIos7XFSO4qqwieog1gdxal-_fVT2pwc_Wn82GbP_ePuE3EF14zwmogUTCsIhBAJNUYwSNiD7o3fTPlOcZNZJJyHLQTMrQ5CSF90qj4S3K-icc9ux5g5ieSuKQn-mh4a0VMrLbzvcJKSkc0oIhVrPqcnhCdKlWyrJWkuvecsdMXLIWkXlgauM3Y-fZvwI_Ovaq7gPQdEIYzOxHbQzpw43qvCseCjAwMhNDlQHhnr_9EXZwXoTLrJTvq8Q,Mouser,859-LTL-4222,Bulk,0.19,0.19,0.19,7125,1,https://octopart.com/opatz8j6/a1?t=sFP0ZgUxXEvZgxgBnObaKYxv15w2sRuoBbIos7XFSO4qqwieog1gdxal-_fVT2pwc_Wn82GbP_ePuE3EF14zwmogUTCsIhBAJNUYwSNiD7o3fTPlOcZNZJJyHLQTMrQ5CSF90qj4S3K-icc9ux5g5ieSuKQn-mh4a0VMrLbzvcJKSkc0oIhVrPqcnhCdKlWyrJWkuvecsdMXLIWkXlgauM3Y-fZvwI_Ovaq7gPQdEIYzOxHbQzpw43qvCseCjAwMhNDlQHhnr_9EXZwXoTLrJTvq8Q,,LTL-4222,Lite-On,LTL-4222,Lite-On,Exact,"Single Color LED, High Efficiency Red, Red Transparent, T-1, 3mm",,1,Mouser 859-LTL-4222,Mouser,859-LTL-4222,https://octopart.com/opatz8j6/a1?t=jKpWqv_erCPaSwW7nmfivQVyMqDCbuFYUNuJXq1fQhZZw9pRiCjE3B2fRAxwZF8PobT8S32ZRJPCPiQx6Boa71tegnBG2yWttN6CBSBfpPhvUuiqjsJclTp_6OHrPBVXvWen4-2e1sK1vaeEexcTGhECbe_qC76DibApaYSGfJnKTDxS892uj2FNZ4R9NTZo-Ge03EhGeghvfJgGqLf0X0KPLySG_x6PfVKu7BzGV2_KIuJrdRBAfwzwFRX7gMHQUPxEwoG-YDw96jxLyOeXSYbbuA,7102,0.19,1,0.19
WP7113GT,1,Kingbright,WP7113GT,,,,,,,1,,,,,,,,,,,,,,,,,,WP7113GT,Kingbright,WP7113GT,Kingbright,Exact,Green T-1 3/4 5 mm 20° Tinted 80 mcd 2.2 V Solid State LED Lamp Through Hole,,1,Mouser 604-WP7113GT,Mouser,604-WP7113GT,https://octopart.com/opatz8j6/a1?t=Kyyprseo3jMlVkwUlaSLJtolMET3v1BMMjTb07dwqcJboFWhqh-wj8tErKRSNaFG967KjD54H51ic3_RumzSNQjyoEExkCaldTisEMKytlwOzDyHLefSgmSMtmCGOrGnvYMn-NlxfSlJRIZ3FDYnl2AB09CwFo_XjjbUoONnbwyupDwlNCxd88sVWWwQ7pI6cWeT9xceu1rg1BVC3xYLmaXZgDmuZMoy37azLC0Y9tLaEs2nUrAY4w_tTQ9Dfcz2uTQOxbaURsune1abDRaQpN9xjw,5267,0.3,1,0.3
CFR-25JR-52-1K5,1,Yageo,CFR-25JR-52-1K5,,,,,,,1,,,,,,,,,,,,,,,,,,CFR-25JR-52-1K5,Yageo,CFR-25JR-52-1K5,Yageo,Exact,Res Carbon Film 1.5K Ohm 5% 1/4W -500ppm/°C to 350ppm/°C Conformal AXL Thru-Hole Paper T/R,,1,Newark 49AK5068,Newark,49AK5068,https://octopart.com/opatz8j6/a1?t=ovLymxNa4brHW7eJhecXei4qVMZp0W3mErrXzjvMSgzTSZhN4ZCS67z_a3iDkU7Y9KUQgVNObM0aTP0r8gyplMhKEEsWOk7aCaRFCAfiBPV8548GEB9lSjZRhobbPs2N4Ovh3ALctuFW4Cq1oOtBkU6kWVMA9A9sSGqSEvuJo8Lec2XIgN4Wh7RAsQ6GjvC0CgBsba09D6lS8MeMx2jmBJJo1LifORDu-GUV7dAs0vMzizmBWrQGava_k-bupTbXGFZhgCFbiZUpt58mhnKasS1TghNE,370,0.01,1,0.01
CFR-25JR-52-10K,1,Yageo,CFR-25JR-52-10K,,,,,,,1,,,,,,,,,,,,,,,,,,CFR-25JR-52-10K,Yageo,CFR-25JR-52-10K,Yageo,Exact,Res Carbon Film 10K Ohm 5% 1/4W -500ppm/°C to 350ppm/°C Conformal AXL Thru-Hole Paper T/R,,1,Mouser 603-CFR-25JR-5210K,Mouser,603-CFR-25JR-5210K,https://octopart.com/opatz8j6/a1?t=PapqsrjFf4Cd11XGPOIXzlY2vRECgKcFxe8xE1Cj2h7asEFF72sn7DwLHjKuNe2qIK9ZLOTLkPeL2fVjVjSUrK7svn7b49RXaScwBXabJiP6PHcTKi-hluVO5kIecacYS43GtFu7L_NaC22dPn6C4GuJhsrMSdTC1AfidLhzPf-G396OEmbWyOZ49q-K1D9rvsTXopzKABoT9JEbzNQ1hPpkjOBvfBFDpks8T5eEqNxo9c8TnrCEoty-qVJznzHEYckzzmDiFfI4fvXVxZ5VwQQHGQ,26874,0.1,1,0.1
CFR-25JR-52-1K,2,Yageo,CFR-25JR-52-1K,,,,,,,2,,,,,,,,,,,,,,,,,,CFR-25JR-52-1K,Yageo,CFR-25JR-52-1K,Yageo,Exact,CFR FIXED RESISTOR Axial Through Hole Resistor ±5% -350/ +500ppm/C 1kOhm 0.25W 1/4W,,2,Mouser 603-CFR-25JR-521K,Mouser,603-CFR-25JR-521K,https://octopart.com/opatz8j6/a1?t=F6gIHUDikzQ2NknxaExZa29a9XU6aLq0kfLE_pmYGRyP3kCQ5HFcVYZsMxy8BI_BLeEB9s50j8U_alfj6zj1Iwd2oCzqAQ2CdAw1D5IQ3fWCrFhJqc-TIEXaY6gazt7DBgWfYG7rvAdZHsgyy59kpmmy0rK_mcuOiqjbfFzWpKim6VmuDS2prI4scH4eBfAe7ZZBIc2d7R_WlIOLScLpDNsdLH7lne5Fzz3PSnoreP7CgbhYJSPTyRUPjcXvubV1TYGdz3xFaqBXyHSfdc30z4ukedg,15993,0.1,2,0.2
CFR-25JR-52-68R,2,Yageo,CFR-25JR-52-68R,,,,,,,2,,,,,,,,,,,,,,,,,,CFR-25JR-52-68R,Yageo,CFR-25JR-52-68R,Yageo,Exact,"Fixed Resistor, Carbon Film, 0.25W, 68ohm, 250V, 5% +/-Tol, -500, 350ppm/Cel, Through Hole Mount",,2,Mouser 603-CFR-25JR-52-68R,Mouser,603-CFR-25JR-52-68R,https://octopart.com/opatz8j6/a1?t=_g-Q5XbTzSRFEHmYFcWh5cSR6A0yE453XP4LDcGFgXdQ-M6LqAxU_dwzLBqalR0k8M1fVA3c0txqFFrJCZCzlKSDh5FJVPDs_88keVg9CUI1ql0eyWVHUUQ8LHphJGEtFT80SUhjwuF65RhVE-S-UILgALevT4QzsFhmOn2CQTZhSoZH00sxHNF7UVto1I0LSf4h9cUaZKayuob44Ay22ao0_9eeKreH870yMaltUCWUbCkJOSqYwN3gurNAcl8FL1PNiis0q21faXUvy3aiIMJRvV03,5226,0.1,2,0.2
RXEF010S,1,Littelfuse,RXEF010S,,,,,,,1,,,,,,,,,,,,,,,,,,RXEF010S,Littelfuse,RXEF010S,Littelfuse,Exact,PTC Resettable Fuse 0.1A(hold) 0.2A(trip) 60V 40A 0.38W 4s 2.5Ohm Radial 8.9 X 3 X 11.2mm Loose,,1,Mouser 650-RXEF010S,Mouser,650-RXEF010S,https://octopart.com/opatz8j6/a1?t=U-EjiUxM57wLCAiH_Eqrc8df8VHPjMzS3TNkUJVK3nNZLI3f2WkUsNEer1fag-3XqVxDDJffLgcCTte4c33MCYKoqTDwEmOmapcwpKT24X4aQ0_z5wJyuDj_EGAHECqqGrRNczOE9-jg3uohQxyWUjvM27kngk0To3ElLZk6HcPOnYp-zS_0xztGeQA5enTwWxQxQ3N04q_LelizhCD6Vv1-FOrzLUwyJ_UxPZl_wiicrTQkMW8YeviJCfX5JI92V0_5fNMS_Z4srtZgRAtq0p0Una1B,155,0.34,1,0.34
J49SMH-A-G-G-K-12M0,1,Jauch,J49SMH-A-G-G-K-12M0,,,,,,,1,,,,,,,,,,,,,,,,,,J49SMH-A-G-G-K-12M0,Jauch,J49SMH-A-G-G-K-12M0,Jauch,Exact,Crystal 12MHz ±30ppm (Tol) ±30ppm (Stability) 12pF FUND 35Ohm 2-Pin SMD T/R,,1,DigiKey 1908-J49SMH-A-G-G-K-12M0CT-ND,DigiKey,1908-J49SMH-A-G-G-K-12M0CT-ND,https://octopart.com/opatz8j6/a1?t=kqhz-FE1h_xz9MucNAuo4Kri_-AawyzSSNXHndv5N5rszqSdZ6PExKvm2MIZzRnwliaEGDJSGnD1FrY_d5GE1EAZMTc9sL-xzMwlkCVENQsX_IZG5o-GhPy6r6mcTCkovVNs2-CM-3MXVX1d3OZp3EKF5WEgyPUatzfBjIvwpmJljfAByJ172IPzwL2HNJPd_BnCTZKgh0-RoLH7gS-bR5t3s_FJzhqclUYpM_vFv_jc5dFKtCbjs6C3H2UD5i7Pd87KBdq_X_7nXKBbfX-hxfAiHXm4,3270,0.21,1,0.21
TZX3V6A-TR,2,Vishay,TZX3V6A-TR,https://octopart.com/tzx3v6a-tr-vishay-41954837,Zener Diode 3.6V,,,,10w,Compliant,2,78-TZX3V6A,Tape & Reel,0.1,49242,1,https://octopart.com/opatz8j6/a1?t=rPHU8MEr7OsR06swzDzxv6XqOXC3Yur7kjxLKjzSRSjzTDd3H_J3cJZc3aO4Bfyblre4J3A0zXmxpUZGP5cc3l3R9yo1PIfGLabMZswe6eV2mo2dKGUj-Mk7OrX4qCtEtIiuWHYicy0P8iRCUvqM4W8R46fsr4tn-iooEc9gpYnQmL_g-OeykL9-n4wk5pBH65Py4Fb0HJ9pNH-XWpRIrD4R1sDpul9AAL1L88dfjttNFgpjhKCwoswX3nbOPCPhmYAU4sHqlinZjNmr-yUcsE5Uqaql,Mouser,78-TZX3V6A,Tape & Reel,0.1,0.2,0.2,49242,1,https://octopart.com/opatz8j6/a1?t=rPHU8MEr7OsR06swzDzxv6XqOXC3Yur7kjxLKjzSRSjzTDd3H_J3cJZc3aO4Bfyblre4J3A0zXmxpUZGP5cc3l3R9yo1PIfGLabMZswe6eV2mo2dKGUj-Mk7OrX4qCtEtIiuWHYicy0P8iRCUvqM4W8R46fsr4tn-iooEc9gpYnQmL_g-OeykL9-n4wk5pBH65Py4Fb0HJ9pNH-XWpRIrD4R1sDpul9AAL1L88dfjttNFgpjhKCwoswX3nbOPCPhmYAU4sHqlinZjNmr-yUcsE5Uqaql,,TZX3V6A-TR,Vishay,TZX3V6A-TR,Vishay,Exact,"Zener Diode, 3.6V V(Z), 2.86%, 0.5W, Silicon, Unidirectional, DO-35",,2,Mouser 78-TZX3V6A,Mouser,78-TZX3V6A,https://octopart.com/opatz8j6/a1?t=EfeFzTwj4ID8kg1U51eAIF5GPGjZD2kLChLeo6Dv0gMvrgq6PVlkBygDIG-wkf6LeHbuOirne1KJzY_LtnBXnKZksNKnjpbin93DguLuDgg2x2dS6bu2kMi7gfsxbQTTLFOwH9OMTbidin6-d8dFLHaDzdlY2042LxmyJ16nMZdmUwhOG1w5NNI-IWfKf1QhtJ9jeU1TVo5Du2pZZBUl1fMMU9MUp3yKfP00rLagk1A0JXQO2pTK-zq7KMMNTgi3H_CAJ4Tk07jowR3yJuWUcHTRsynp,49242,0.1,2,0.2
RDER71H104K0M1H03A,1,Murata,RDER71H104K0M1H03A,https://octopart.com/rder71h104k0m1h03a-murata-38816908,Ceramic Capacitor 0.1uF,,,Production,11w,Compliant,1,81-RDER71H104K0M1H3A,Ammo Pack,0.46,208,1,https://octopart.com/opatz8j6/a1?t=KJuttOjyY7ni-C_zKXYjSnqegRF-U81T2or7rmAqvLhMMmGAkIUUcy4F6tu5iQTlu_uNRwQvmyNSowov2Rr-hR7LB0W7auxh6xr7ISFa3Lqwla3kd1R1cyV_0dMPee3ToD6Cf-b_oMLaxZ9AQbrZ5aBimcWbAENhroEC4rCR0L5JkwgKUK0NtTWoB8EMKUtfc2R-NIwKPCBkk6ZyvqEQkQ8kZSvDsu8VaeF4K9_uJgfizWYx_RKnvYFEngk-B-mbFVM7oFTuZczeXBM31wcTwPBZxccU,Mouser,81-RDER71H104K0M1H3A,Ammo Pack,0.46,0.46,0.46,208,1,https://octopart.com/opatz8j6/a1?t=KJuttOjyY7ni-C_zKXYjSnqegRF-U81T2or7rmAqvLhMMmGAkIUUcy4F6tu5iQTlu_uNRwQvmyNSowov2Rr-hR7LB0W7auxh6xr7ISFa3Lqwla3kd1R1cyV_0dMPee3ToD6Cf-b_oMLaxZ9AQbrZ5aBimcWbAENhroEC4rCR0L5JkwgKUK0NtTWoB8EMKUtfc2R-NIwKPCBkk6ZyvqEQkQ8kZSvDsu8VaeF4K9_uJgfizWYx_RKnvYFEngk-B-mbFVM7oFTuZczeXBM31wcTwPBZxccU,,RDER71H104K0M1H03A,Murata,RDER71H104K0M1H03A,Murata,Exact,"Ceramic Capacitor, Multilayer, Ceramic, 50V, 10% +Tol, 10% -Tol, X7R, 15% TC, 0.1uF, Through Hole Mount, 1610",,1,DigiKey 490-9144-1-ND,DigiKey,490-9144-1-ND,https://octopart.com/opatz8j6/a1?t=JO4UKvPQBLAYGGLJem9LzczdKKC6qEKI6jhMCuw2VQpecWY_vW2slDEr8SXEZ-fB5E5O4jAH380JM1CSIetFwVYXTSCTN8Mx8zEknOlKbEJRG7xGdchdOvPLv-cYYnfpxtn30JkFzizpKzSDO14H1L3Kc4yUcH_8RFYgOH_5cvyT6zx9EP2jK_tSoDrJlY9OxpYH9uqRzsc6ahC8ooH1TROt8Ui-1lzETMSBjj_aPxdx7BxzmWZy-cs-p68k-VcXK9pr9ADxRq1zPQjtOZKXJnkaMk8,6292,0.46,1,0.46
RCE5C2A220J0A2H03B,2,Murata,RCE5C2A220J0A2H03B,https://octopart.com/rce5c2a220j0a2h03b-murata-30233632,Cap Ceramic 22pF,,,Production,12w,Compliant,2,81-RCE5C2A220J0A2H3B,Bulk,0.45,1538,1,https://octopart.com/opatz8j6/a1?t=kcE96MmjKaHU8xuRm3P4AaTbWLiAwHtnd3sUGfI34lNw4Duvpvtxbl8SQPdEu0xq9ihYn934bXY8WQzOPd_qz6FQea_3r_MIUs-WTrlLD-9KKg4yfPZeVi76vMyv9irWnTA5JSdor2zc7GpRgJjiNo6i3alg8uZFqFIyLqU4VOruLXI7yT2YY7IC_aobwnyeDHVgC9DFdZZaV1Tz6g7ElXcYT6imWH1GAA9aIvFD5chNAUY7HalQaMmgKhGK-L_OnT6AEDChgQBqp52XQeHFVzUg1IIC,Mouser,81-RCE5C2A220J0A2H3B,Bulk,0.45,0.9,0.9,1538,1,https://octopart.com/opatz8j6/a1?t=kcE96MmjKaHU8xuRm3P4AaTbWLiAwHtnd3sUGfI34lNw4Duvpvtxbl8SQPdEu0xq9ihYn934bXY8WQzOPd_qz6FQea_3r_MIUs-WTrlLD-9KKg4yfPZeVi76vMyv9irWnTA5JSdor2zc7GpRgJjiNo6i3alg8uZFqFIyLqU4VOruLXI7yT2YY7IC_aobwnyeDHVgC9DFdZZaV1Tz6g7ElXcYT6imWH1GAA9aIvFD5chNAUY7HalQaMmgKhGK-L_OnT6AEDChgQBqp52XQeHFVzUg1IIC,,RCE5C2A220J0A2H03B,Murata,RCE5C2A220J0A2H03B,Murata,Exact,Cap Ceramic 22pF 100V C0G 5% Radial 2.5mm 125C Automotive Bulk,,2,Mouser 81-RCE5C2A220J0A2H3B,Mouser,81-RCE5C2A220J0A2H3B,https://octopart.com/opatz8j6/a1?t=J7p9tJkm-oRPiLa5pIZ0U4KeR_Yk8_AZt9Mk1O6fuR4cbA9tipsSsafyewwETlRFQoJ5Qr-DZ1paRy1ww55F_ga-3yy0fFbFvhwghkorLZWDtheLg8kdL4XDd2nPfVQM7p4eSlvMIMiypQzvcoVXMBMGUnElFKXfLPwuGDUWTC2xbooUAFGRBJ7dmdSjuwTPBFvtLe09guHQCz1orpWbK7beyXHY3Fl7ZPLZPuB4kRk0uFf1ZSZ3vooMysyC6MGOEw8Ch8O4PEdnFPnwVOgzR7iqEBPZ,1538,0.45,2,0.9
MJTP1230A,2,APEM,MJTP1230A,https://octopart.com/mjtp1230a-apem-912864,Switch Tactile 6x6x5mm,,,,5w,Compliant,2,642-MJTP1230A,Bulk,0.33,3045,1,https://octopart.com/opatz8j6/a1?t=7tSSFz8CGlbZTNV-pXE7KlxG14hAtQtNiRJoQERVlTqAKDMcSSYCXDxJTGT_0R2b2IVxiqfd4rzmfpeM93QWcU9YTE099ZCQkoLwGF2eqfWFnIfVSd8WF4wG6bySVs0Izu2tzDiQMehwHV_hqS4oHeICglmXruDkBnTPyhHF21RocC28uNmf_poN6RBvSUMkC4IcRPU7L7OBh7Xu--YSwcwtj754ea1Qdf4Ux84orlqANY0R6NCG1kD7wzifb26BYg,Mouser,642-MJTP1230A,Bulk,0.33,0.66,0.66,3045,1,https://octopart.com/opatz8j6/a1?t=7tSSFz8CGlbZTNV-pXE7KlxG14hAtQtNiRJoQERVlTqAKDMcSSYCXDxJTGT_0R2b2IVxiqfd4rzmfpeM93QWcU9YTE099ZCQkoLwGF2eqfWFnIfVSd8WF4wG6bySVs0Izu2tzDiQMehwHV_hqS4oHeICglmXruDkBnTPyhHF21RocC28uNmf_poN6RBvSUMkC4IcRPU7L7OBh7Xu--YSwcwtj754ea1Qdf4Ux84orlqANY0R6NCG1kD7wzifb26BYg,,MJTP1230A,APEM,MJTP1230A,APEM,Exact,Switch Tactile N.O. SPST Round Button PC Pins 0.05A 12VDC 1.57N Thru-Hole Bulk,,2,element14 APAC 4511190,element14 APAC,4511190,https://octopart.com/opatz8j6/a1?t=a1BDz-F2-uUACzc6xrE4kGjIXms4ejXhCgwO2p9omAEsr8cDzs2ixlevkYmBczMjkp5C50SZe_U4gClZa00-PdptpJYO6dnfxnu6dVZanWYA4BbxaJq7uKfAXdkymg_TLDkglvWZu66HvDThzX74hrEPHa-CRLv_ZAm_McoRGg8oDbhfsD8Mb9BYTMOqObNQVhy4H6Wk3GXa_DTwmYFKL4H9ChupEkSJF3hEZ2V3dZr_fMtlM8wNPMa5Mg43-Ihx9dMpK9XaGb5Zsf5WMy4hdhB5fuc,2141,0.30487,2,0.60974
1N4148TR,66,onsemi,1N4148TR,https://octopart.com/1n4148tr-onsemi-84323125,Rectifier Diode 1N4148,,,Production,8w,Compliant,66,512-1N4148TR,Tape & Reel,0.041,352795,1,https://octopart.com/opatz8j6/a1?t=pOgUKmEHMeJmTyHJ0y688yaD5LMI1m_TkjZQWrc0pBGnUnsKaqda-bjoaPOAQpI88jBeSFzBGBiDp_ooiU9zbg4xviz3eI_OT_bQ3StMhq9cc42KgbCrrjuI4B6THR6Q9J8f3AWBjkJAgcE7mUssw3klaRQI-_rMXTP76tkVY8AupsQJayXyntbmi3s-Hs63M_Oh7FDfkqhcDPgAwPSSe1CTjzzCfp5M0BRu1ZzkHJpw7lx6P-YmYD9VZoj2mRmHK-zT1zhHC0DEEalkSRqZJhdJAF2Y,Mouser,512-1N4148TR,Tape & Reel,0.041,2.706,2.706,352795,1,https://octopart.com/opatz8j6/a1?t=pOgUKmEHMeJmTyHJ0y688yaD5LMI1m_TkjZQWrc0pBGnUnsKaqda-bjoaPOAQpI88jBeSFzBGBiDp_ooiU9zbg4xviz3eI_OT_bQ3StMhq9cc42KgbCrrjuI4B6THR6Q9J8f3AWBjkJAgcE7mUssw3klaRQI-_rMXTP76tkVY8AupsQJayXyntbmi3s-Hs63M_Oh7FDfkqhcDPgAwPSSe1CTjzzCfp5M0BRu1ZzkHJpw7lx6P-YmYD9VZoj2mRmHK-zT1zhHC0DEEalkSRqZJhdJAF2Y,,1N4148TR,onsemi,1N4148TR,onsemi,Exact,"Rectifier Diode, 1 Phase, 1 Element, 0.2A, 100V V(RRM), Silicon, DO-35",,66,Mouser 512-1N4148TR,Mouser,512-1N4148TR,https://octopart.com/opatz8j6/a1?t=0jAznjt4_RrE7qh74AjyvCA6KJcccyXuUscuw5uUrYjDRsBfNBc5S-VIc1FfFHPhnTPB4Q7DzsY3FlJzmdK46oMmYjCNGUDbiP5QHq0oJCYsqVIKP2RnQidnnwoMJlF11e2RQN-Pu69U5BqHOvkX4QTvU7ZqzRWPRFfFWO48vQVYs_gz7ifVQJWBHgjBSPv2SYcqLIExLWB1d9vGle0jQxOa8Ktfx4Lwdv7enXNV93rTLUcM9FdmNLnxB3qUzK21rE_tlACahvF0gI0Ppoct5xlmlcHn,343758,0.041,66,2.71
68602-406HLF,1,Amphenol,68602-406HLF,,,,,,,1,,,,,,,,,,,,,,,,,,68602-406HLF,Amphenol,68602-406HLF,Amphenol,Exact,Conn Unshrouded Header HDR 6 POS 2.54mm Solder ST Thru-Hole Poly Bag,,1,Mouser 649-68602-406HLF,Mouser,649-68602-406HLF,https://octopart.com/opatz8j6/a1?t=ZcOwrZTR9aVWzJTLZtNRamYxypugzUwl2WvHMyHpC5S962fn6CLG_uDRT-4tWAPEyYtP63Yy7rT7Fj8QwV5ParUnHP1SKamoa7lTht2IUcMnDtry5O2S3C26DTJCn6qWHafEyJe8STzK599MkEHQZMl6TVpWiSZ184y8GrL6uRTdwbY1HLzwvkrWq0yDlLoSqyacyT0am0w0W7Hm-yg5Vx4A7lDYPkm6tNwBP2l7qcGI9wAIoBP6aCXnqkIT5XjwjUstxQ3HySoahv0xw1DAL-YH7CCh,2302,0.23,1,0.23
,,,,,,,,,,,,,,,,,,,,,,,,,,,,,,1-2199299-2,TE Connectivity,Selected,"IC Socket, DIP28, 28 Contact(s), 2.54mm Term Pitch, 15.24mm Row Spacing, Solder",,,Mouser 571-1-2199299-2,Mouser,571-1-2199299-2,https://octopart.com/opatz8j6/a1?t=0E1CN0hblx-Rml4Sz9zOi45XQT93FchhWJnM6osHqKM82zErWxONLYVfKlK8uVISL7pe_24A7wbtpsxElS1dfrRd5FKMS2Wdnp3zW2QFyZPm15-uayu40vdhkzIU1nOfaya8uUOAFp9KtFmb6pkrvCNRKe2Qzbib51DM7M0desmm1g5PnCePLWyoa-YISYJ6YzDMJAgDUJiBE3V6CWmBpi2-LqQuWML9bitKhxUp2NgdG5Ba-plVr3vFiMKpOWn5RVfDO-JKtLv1vtRGjWjBC_VKhaE,4590,0.58,1,0.58
,,,,,,,,,,,,,,,,,,,,,,,,,,,,,,UVR2V4R7MPD1TD,Nichicon,Selected,Radial Can ALUMINUM ELECTROLYTIC CAPACITOR UVR 350V 4.7muF ±20% 0.394Dia 10.00mm,,,Mouser 647-UVR2V4R7MPD1TD,Mouser,647-UVR2V4R7MPD1TD,https://octopart.com/opatz8j6/a1?t=bC7zMdTBHGEpqFW0k6cmKxxGnlP7cH8hgi3IkalH8Pahs07wu3P1ZqXpi2SH7XfQworZzt19-bhygeWs1zcQTFG4zWGAb2U_dRVkDRT0y7o1ZveEb8w-5NvsJCmPyGhDU2b-e-dmNVu9Drx6JOtO6zwlvpDmXUD7iM6JaGAZMxWEk7MxclvJAwltXd-ow3k0YSvPu-OW-ltjNHthTqnUTlGM91L5DEGjzdn6MeuLHlPKV07I-EwU-E8Yi3FPsdNt5Fc_YY7YO9EH27Kxiy6VLGnzuIN9,1054,0.58,1,0.58
,,,,,,,,,,,,,,,,,,,,,,,,,,,,,,ESK475M016AC3AA,KEMET,Selected,"Aluminum Electrolytic Capacitor, Polarized, Aluminum (wet), 16V, 20% +Tol, 20% -Tol, 4.7uF, Through Hole Mount",,,Mouser 80-ESK475M016AC3AA,Mouser,80-ESK475M016AC3AA,https://octopart.com/opatz8j6/a1?t=ZcCo5hCuuXqEMaOZXVQeYs5rkTfEoeU94vwy4p9g8A_UM_KSJ53wB6Y9lfNnvluOsf4r4XqtNGcY5l7ncp3_frc9r2IiS1R2pMAY6-jxcvFzWm7HqLHqiNSMnMYeEKHfZDTQWzBmIEc3mMH3bh1KwIDATVWw7dwTW3wJr3vfSErl1TQN7B7GLZvkaY-NPCOprTOziBjf3hZh3plboNdXExdAP5Ces36hENr4EiuD2SRFNl43YWGk5zsLnSZ2GZM64sN5Y880QLrjFajOt6moA-S3CSP6,24975,0.19,1,0.19