Manufacturer,MPN,Description,Category,Total Qty Needed,On Hand Qty,Qty to Order,Used In (Boards),Needs Verification,Notes
Microchip,ATMEGA32A-PU,8-bit AVR MCU DIP-40,IC,2,0,2,Discipline x2,No,Confirmed via Octopart/Mouser 556-ATMEGA32A-PU
Microchip,ATMEGA328P-PU,8-bit AVR MCU DIP-28,IC,1,0,1,Lattice60 (1),No,"Lattice60 confirmed via official docs. Mercutio and Rosalina removed (parts purchased separately)."
TE Connectivity,1-2199299-5,40-pin DIP IC Socket,Socket,2,0,2,Discipline x2,No,Confirmed via Octopart/Mouser 571-1-2199299-5
TE Connectivity,1-2199299-2,28-pin narrow DIP IC Socket,Socket,1,0,1,Lattice60 (1),No,"Lattice60 confirmed via official docs. Mercutio and Rosalina removed (parts purchased separately)."
Abracon,ABL-16.000MHZ-B4Y,16MHz Crystal HC-49 thru-hole,Crystal,2,0,2,Discipline (2),No,"Discipline confirmed. Mercutio and Rosalina removed (parts purchased separately)."
Jauch,J49SMH-A-G-G-K-12M0,12MHz Crystal HC-49S,Crystal,1,0,1,Lattice60,No,Confirmed. Different frequency than the 16MHz crystal above - do not substitute.
Yageo,CFR-12JR-52-75R,75 Ohm Resistor 1/6W 5%,Resistor,4,0,4,Discipline (4),No,"Discipline confirmed. Rosalina removed (parts purchased separately)."
Yageo,MFR-12FTF52-1K5,1.5K Ohm Resistor 1/6W 1%,Resistor,2,0,2,Discipline x2,No,"Confirmed. NOTE: kept separate from the 1/4W 5% 1.5K resistor below - different tolerance/wattage, not necessarily interchangeable."
Yageo,CFR-25JR-52-1K5,1.5K Ohm Resistor 1/4W 5%,Resistor,1,0,1,Lattice60 (1),No,"Lattice60 confirmed. Mercutio and Rosalina removed (parts purchased separately)."
Yageo,MFR-12FTF52-5K1,5.1K Ohm Resistor 1/6W 1%,Resistor,4,0,4,Discipline (4),No,"Discipline confirmed. Rosalina removed (parts purchased separately)."
Yageo,MFR-12FTF52-10K,10K Ohm Resistor 1/6W 1%,Resistor,2,0,2,Discipline x2,No,"Confirmed. NOTE: kept separate from the 1/4W 5% 10K resistor below - different tolerance/wattage."
Yageo,CFR-25JR-52-10K,10K Ohm Resistor 1/4W 5%,Resistor,1,0,1,Lattice60 (1),No,"Lattice60 confirmed. Rosalina removed (parts purchased separately)."
Yageo,CFR-25JR-52-1K,1K Ohm Resistor 1/4W 5%,Resistor,2,0,2,Lattice60,No,Confirmed
Yageo,CFR-25JR-52-68R,68 Ohm Resistor 1/4W 5%,Resistor,2,0,2,Lattice60 (2),No,"Lattice60 confirmed. Mercutio removed (parts purchased separately)."
Murata,RCE5C2A220J0A2H03B,22pF Ceramic Capacitor,Capacitor,6,0,6,"Discipline (4), Lattice60 (2)",No,"Discipline and Lattice60 confirmed. Mercutio and Rosalina removed (parts purchased separately)."
Murata,RDER71H104K0M1H03A,0.1uF (100nF) Ceramic Capacitor,Capacitor,5,0,5,"Discipline (4), Lattice60 (1)",No,"Discipline and Lattice60 confirmed. Mercutio and Rosalina removed (parts purchased separately)."
Nichicon,UVR2V4R7MPD1TD,4.7uF Electrolytic Capacitor (radial),Capacitor,2,0,2,Discipline x2,Yes,"Substitute for obsolete UMT1H4R7MDD originally specified - verify fit/voltage rating against PCB pads. NOTE: Lattice60 uses a DIFFERENT-pitch 4.7uF part (see below) - do not cross-substitute without verifying PCB pad spacing."
Kemet,ESK475M016AC3AA,4.7uF 16V Electrolytic Capacitor,Capacitor,1,0,1,Lattice60,No,Confirmed. Different lead pitch than the Discipline 4.7uF part - keep distinct.
onsemi,1N4148TR,Switching Diode DO-35,Diode,284,0,284,"Discipline (138), Lattice60 (66), Absinthe (~80 est.)",Yes,"Discipline and Lattice60 qty confirmed from official docs. Mercutio and Rosalina removed (parts purchased separately). Absinthe count is an ESTIMATE from matrix/layout inspection - recount against actual PCB before finalizing order."
Vishay,TZX3V6A-TR,3.6V Zener Diode DO-35,Diode,6,0,6,"Discipline (4), Lattice60 (2)",No,"Discipline and Lattice60 confirmed. Mercutio and Rosalina removed (parts purchased separately). CAUTION: visually similar to 1N4148 - keep bins separate!"
Lite-On,LTL-4222,3mm Red LED T-1,LED,3,0,3,"Discipline (2), Lattice60 (1)",No,"Discipline and Lattice60 confirmed. Rosalina removed (parts purchased separately)."
Kingbright,WP7113GT,3mm Green LED T-1,LED,1,0,1,Lattice60,No,Confirmed
Amphenol,68602-406HLF,2x3 Pin Header 2.54mm (ISP),Connector,3,0,3,"Discipline (2), Lattice60 (1)",No,"Discipline and Lattice60 confirmed. Rosalina removed (parts purchased separately)."
GCT (Global Connector Technology),USB4085-GF-A,USB Type-C Receptacle THT 16-pin,Connector,2,0,2,Discipline (2),Yes,"MPN inferred/assumed - was listed TBD in original Discipline build guide; confirm against PCB silkscreen. Mercutio removed (parts purchased separately)."
TE Connectivity,1734753-1,Mini USB Type-B Socket THT,Connector,1,0,1,Lattice60,No,Confirmed
Generic (VERIFY),2.54mm-HEADER-PROMICRO,2.54mm Pin Header - 2 rows (Pro Micro/Elite-C socket),Connector,2,0,2,Absinthe,Yes,"Confirmed via official KeyHive imgur build guide - headers soldered to PCB, controller plugs in without soldering. Exact pin count not specified - count pads on PCB. Qty is in ""rows""."
Bourns,MF-R050,500mA Resettable Fuse (PTC),Fuse,2,0,2,Discipline x2,No,Confirmed
Littelfuse,RXEF010S,100mA Resettable Fuse (PTC),Fuse,1,0,1,Lattice60 (1),No,"Lattice60 confirmed. Mercutio and Rosalina removed (parts purchased separately)."
APEM,MJTP1230A,6x6mm Tactile Pushbutton Switch,Switch,6,0,6,"Discipline (4), Lattice60 (2)",No,"Discipline and Lattice60 confirmed. Mercutio and Rosalina removed (parts purchased separately)."
Generic (VERIFY),VERIFY-EC11,"Rotary Encoder - PCB mount, 5-pin",Encoder,1,5,0,Absinthe (1 - optional),Yes,"Standard EC11-style encoder assumed; optional (only needed if using Elite-C for encoder support). 5-pin count CONFIRMED for Absinthe via official KeyHive build guide. Mercutio removed (parts purchased separately)."
Generic (VERIFY),WS2812B,Addressable RGB LED (strip/individual),LED,0,1,0,Absinthe (optional underglow),Yes,"Optional - set Total Qty Needed to however many LEDs you want if adding RGB underglow strip; PCB supports up to 32 LEDs per firmware config."
SparkFun-compatible / Elite-C v4,PRO-MICRO-OR-ELITE-C,Pro Micro-footprint MCU daughterboard,Controller Module,1,4,0,Absinthe,Yes,"Not sourced via Octopart - buy from a keyboard vendor (KBDfans/AliExpress/etc). CONFIRMED socketed (not soldered) via official KeyHive build guide. Elite-C v4 recommended if using the rotary encoder."
SparkFun-compatible,PRO-MICRO,Arduino Pro Micro or pin-compatible ATmega32u4 MCU (DumbPad combo variant),Controller Module,1,0,1,DumbPad,Yes,"CONFIRMED via official DumbPad combo README BOM. Not sourced via Octopart - buy from a keyboard vendor. NOTE: kept as separate row from the Absinthe Pro Micro/Elite-C row above since DumbPad doesn't require Elite-C specifically."
onsemi,1N4148TR,Switching Diode DO-35 (DumbPad matrix - add to grand total),Diode,17,0,17,DumbPad,No,"CONFIRMED via official DumbPad combo README BOM: 17 diodes for the 4x4 (16-key) matrix + 1 extra. NOTE: this is a SEPARATE row from the main 1N4148TR row above (394 qty) - if reconciling into a single grand total for ordering, combine: 284+17=301."
Generic,EC11,EC11 Rotary Encoder w/ Pushbutton - 7-pin (DumbPad),Encoder,1,0,1,DumbPad (1 required; up to 2 supported),Yes,"CONFIRMED via official DumbPad combo README BOM: ""1x or 2x EC11 rotary encoder with pushbutton (7-pin)"". Only 1 required; set qty to 2 to populate the optional second encoder position. NOTE: separate row from the Absinthe EC11 row above (different pin count/footprint likely) - verify before merging."
APEM,MJTP1230A,6x6mm Tactile Pushbutton Switch (DumbPad reset button - optional),Switch,1,0,1,DumbPad (optional),Yes,"CONFIRMED via official DumbPad combo README BOM as optional: ""(optional) 1 x 6mm tactile switch (to reset MCU)"". Same physical part as the MJTP1230A row above (qty 6) - can be merged into that row's total (6+1=7) for a single Octopart line item if desired."
Generic (VERIFY),VERIFY-VALUE-3MM-RESISTOR,3mm Resistor - LED current-limiting (DumbPad - optional),Resistor,3,0,3,DumbPad (optional),Yes,"CONFIRMED via official DumbPad combo README BOM as optional: ""(optional) 3x 3mm resistors (for limiting current in LEDs)"". Exact resistance value NOT specified by designer - typical value for 3mm LEDs at 5V is 220-330 ohm; verify against your chosen LED. Only needed if also populating the 3x optional status LEDs below."
Generic (VERIFY),VERIFY-COLOR-3MM-LED,3mm LED - Status Indicator (DumbPad - optional),LED,3,0,3,DumbPad (optional),Yes,"Not itemized separately in the official BOM (only its current-limiting resistors are listed), but the combo PCB is documented elsewhere in the repo as supporting 3 status LEDs. Color is your choice. Only needed if also populating the 3x optional current-limiting resistors above."
